{"type":"FeatureCollection","bbox":[118.08566,24.56829,118.10025,24.59616],"features":[{"type":"Feature","properties":{"k":"campus","name":"主校区"},"geometry":{"type":"Polygon","coordinates":[[[118.087661,24.587978],[118.092047,24.587984],[118.095246,24.586537],[118.094365,24.58529],[118.092749,24.582446],[118.092481,24.581968],[118.091794,24.580432],[118.091684,24.580422],[118.091663,24.580251],[118.091596,24.580256],[118.091561,24.580167],[118.090346,24.576905],[118.088783,24.576912],[118.088766,24.577025],[118.088672,24.577165],[118.088673,24.577212],[118.088484,24.577229],[118.088354,24.577241],[118.088339,24.577173],[118.088119,24.576915],[118.087817,24.576916],[118.085823,24.576911],[118.085663,24.577048],[118.085835,24.578771],[118.086035,24.579822],[118.08614,24.580405],[118.087037,24.585085],[118.087661,24.587978]]]}},{"type":"Feature","properties":{"k":"campus","name":"诚毅学院"},"geometry":{"type":"Polygon","coordinates":[[[118.088575,24.59616],[118.089043,24.595896],[118.09023,24.595228],[118.090594,24.595022],[118.092743,24.593812],[118.093236,24.593549],[118.093102,24.593274],[118.092535,24.593294],[118.091696,24.593283],[118.091289,24.593277],[118.09117,24.593275],[118.09064,24.593268],[118.090584,24.593267],[118.09047,24.59326],[118.090431,24.593289],[118.090431,24.593316],[118.090352,24.593314],[118.090218,24.593208],[118.08973,24.593182],[118.089733,24.593123],[118.089682,24.593119],[118.089636,24.593045],[118.089702,24.591464],[118.089761,24.591367],[118.089794,24.591312],[118.089812,24.590987],[118.090103,24.591053],[118.090024,24.591334],[118.09011,24.591364],[118.090184,24.591379],[118.09036,24.590989],[118.090469,24.590979],[118.093114,24.588175],[118.093201,24.588093],[118.093436,24.587868],[118.093991,24.587699],[118.094222,24.587598],[118.094235,24.587649],[118.094219,24.587956],[118.095249,24.58794],[118.095454,24.587966],[118.095577,24.587528],[118.095122,24.58753],[118.095117,24.587501],[118.095086,24.587323],[118.095085,24.587256],[118.094958,24.587016],[118.095011,24.586992],[118.094931,24.586846],[118.09216,24.588063],[118.092034,24.588118],[118.092003,24.588118],[118.087701,24.588137],[118.088212,24.591772],[118.088401,24.594022],[118.088575,24.59616]]]}},{"type":"Feature","properties":{"k":"campus","name":"航海学院"},"geometry":{"type":"Polygon","coordinates":[[[118.089911,24.572329],[118.089726,24.571858],[118.088828,24.57106],[118.088519,24.570781],[118.088333,24.570549],[118.087778,24.569612],[118.087558,24.569212],[118.087551,24.569188],[118.087552,24.569162],[118.087561,24.569138],[118.087577,24.569117],[118.087597,24.569101],[118.087622,24.569091],[118.087649,24.569087],[118.087793,24.569099],[118.08791,24.569112],[118.088026,24.569129],[118.088136,24.569151],[118.088246,24.569177],[118.08951,24.569514],[118.08955,24.569531],[118.089587,24.569551],[118.089638,24.569587],[118.091144,24.570958],[118.091193,24.570998],[118.091265,24.571033],[118.091303,24.571039],[118.09134,24.571049],[118.091376,24.571064],[118.09141,24.571083],[118.091441,24.571106],[118.091468,24.571132],[118.091498,24.571208],[118.091684,24.572601],[118.091338,24.572639],[118.090424,24.572315],[118.090102,24.572298],[118.089911,24.572329]]]}},{"type":"Feature","properties":{"k":"campus","name":"财经学院"},"geometry":{"type":"Polygon","coordinates":[[[118.098117,24.573059],[118.097392,24.572982],[118.096879,24.572897],[118.094915,24.572643],[118.093798,24.572721],[118.093687,24.572766],[118.094001,24.574777],[118.094047,24.574838],[118.094141,24.574876],[118.098127,24.574906],[118.098117,24.573059]]]}},{"type":"Feature","properties":{"k":"campus","name":"美术学院"},"geometry":{"type":"Polygon","coordinates":[[[118.092171,24.573128],[118.09214,24.573045],[118.09211,24.572903],[118.09209,24.572867],[118.092039,24.572865],[118.091777,24.572888],[118.091699,24.572205],[118.092172,24.572151],[118.092135,24.571846],[118.092622,24.571802],[118.092621,24.571875],[118.093079,24.571819],[118.09311,24.572027],[118.093456,24.57199],[118.093467,24.572091],[118.092689,24.572177],[118.092734,24.572514],[118.092482,24.572551],[118.092523,24.57285],[118.09256,24.572966],[118.092171,24.573128]]]}},{"type":"Feature","properties":{"k":"campus","name":"音乐学院"},"geometry":{"type":"Polygon","coordinates":[[[118.094495,24.584287],[118.095875,24.586108],[118.096581,24.585881],[118.097529,24.586019],[118.097408,24.584115],[118.095366,24.584236],[118.094495,24.584287]]]}},{"type":"Feature","properties":{"k":"campus","name":"水产学院"},"geometry":{"type":"Polygon","coordinates":[[[118.097917,24.585988],[118.097736,24.584119],[118.100066,24.583932],[118.100247,24.585801],[118.097917,24.585988]]]}},{"type":"Feature","properties":{"k":"campus","name":"轮机工程学院"},"geometry":{"type":"Polygon","coordinates":[[[118.095509,24.583781],[118.095477,24.581668],[118.095346,24.579859],[118.095391,24.579819],[118.095464,24.579802],[118.097953,24.579876],[118.09799,24.579954],[118.097982,24.580012],[118.097548,24.580915],[118.09752,24.581004],[118.097499,24.581095],[118.097486,24.581178],[118.097478,24.581261],[118.097513,24.583568],[118.097495,24.583608],[118.097472,24.583645],[118.097443,24.583678],[118.097405,24.58371],[118.097363,24.583737],[118.095748,24.583888],[118.0957,24.58388],[118.095653,24.583867],[118.095608,24.583849],[118.095556,24.583818],[118.095509,24.583781]]]}},{"type":"Feature","properties":{"k":"campus","name":"机械与能源工程学院"},"geometry":{"type":"Polygon","coordinates":[[[118.090596,24.569408],[118.090708,24.569439],[118.09091,24.569465],[118.091037,24.569562],[118.091086,24.569806],[118.090527,24.570295],[118.09123,24.570898],[118.091491,24.571008],[118.091578,24.571028],[118.091738,24.571036],[118.09176,24.570937],[118.091785,24.570828],[118.091808,24.570726],[118.091823,24.570659],[118.09184,24.570583],[118.091858,24.570507],[118.09188,24.570403],[118.091936,24.570155],[118.092081,24.570185],[118.092169,24.570204],[118.09223,24.570215],[118.092364,24.570413],[118.092366,24.570553],[118.092476,24.570561],[118.092433,24.571016],[118.093166,24.571048],[118.093176,24.570866],[118.092874,24.56997],[118.092756,24.569843],[118.092668,24.569787],[118.092455,24.569653],[118.091865,24.568935],[118.091763,24.568811],[118.091467,24.568293],[118.091434,24.568335],[118.091452,24.568567],[118.091301,24.568577],[118.091208,24.568808],[118.091078,24.568819],[118.090969,24.569016],[118.090854,24.568967],[118.090819,24.569036],[118.090791,24.569024],[118.090596,24.569408]]]}},{"type":"Feature","properties":{"k":"major"},"geometry":{"type":"LineString","coordinates":[[118.087006,24.568576],[118.086191,24.56922]]}},{"type":"Feature","properties":{"k":"major"},"geometry":{"type":"LineString","coordinates":[[118.089611,24.575129],[118.089188,24.574197],[118.088815,24.573413],[118.088536,24.572837],[118.088187,24.572084],[118.087823,24.571313],[118.087788,24.571188]]}},{"type":"Feature","properties":{"k":"major"},"geometry":{"type":"LineString","coordinates":[[118.087093,24.56914],[118.086606,24.568451]]}},{"type":"Feature","properties":{"k":"major"},"geometry":{"type":"LineString","coordinates":[[118.08708,24.569859],[118.087164,24.569874],[118.087213,24.569869],[118.087297,24.569809],[118.087309,24.569721],[118.087264,24.569614],[118.087093,24.56914]]}},{"type":"Feature","properties":{"k":"major"},"geometry":{"type":"LineString","coordinates":[[118.093482,24.593972],[118.09247,24.594526]]}},{"type":"Feature","properties":{"k":"major"},"geometry":{"type":"LineString","coordinates":[[118.095246,24.593087],[118.09582,24.592775],[118.096572,24.592305],[118.097492,24.591809],[118.098563,24.591213]]}},{"type":"Feature","properties":{"k":"major"},"geometry":{"type":"LineString","coordinates":[[118.109598,24.606413],[118.108394,24.604633],[118.108041,24.604118],[118.107931,24.603946],[118.10779,24.603723],[118.106656,24.60201],[118.105006,24.599446],[118.104061,24.597978],[118.103894,24.597722],[118.103826,24.597652],[118.103638,24.597386],[118.102992,24.596573],[118.101635,24.594708],[118.101549,24.594593],[118.10144,24.594446],[118.101225,24.594296],[118.100729,24.593649],[118.100315,24.593225],[118.100097,24.593006],[118.100051,24.592895],[118.100032,24.592738],[118.100027,24.592711],[118.100007,24.592624],[118.099957,24.592492],[118.099531,24.591905],[118.099199,24.591468],[118.099099,24.59143],[118.098888,24.591431],[118.098608,24.591564],[118.098442,24.591675],[118.098344,24.591823],[118.098249,24.591907],[118.09722,24.592395],[118.096678,24.592706],[118.096084,24.592864],[118.095822,24.593007],[118.095607,24.593193],[118.095434,24.59339],[118.095349,24.593655],[118.095142,24.594968],[118.095037,24.59511]]}},{"type":"Feature","properties":{"k":"major"},"geometry":{"type":"LineString","coordinates":[[118.095349,24.593655],[118.095225,24.593958]]}},{"type":"Feature","properties":{"k":"major"},"geometry":{"type":"LineString","coordinates":[[118.095361,24.593198],[118.095246,24.593087]]}},{"type":"Feature","properties":{"k":"major"},"geometry":{"type":"LineString","coordinates":[[118.095134,24.593949],[118.095117,24.593669]]}},{"type":"Feature","properties":{"k":"major"},"geometry":{"type":"LineString","coordinates":[[118.095682,24.593042],[118.095368,24.593316],[118.095289,24.593564]]}},{"type":"Feature","properties":{"k":"major"},"geometry":{"type":"LineString","coordinates":[[118.095361,24.593198],[118.094887,24.593367],[118.094617,24.593473],[118.09413,24.593666],[118.093482,24.593972]]}},{"type":"Feature","properties":{"k":"major"},"geometry":{"type":"LineString","coordinates":[[118.095361,24.593198],[118.095289,24.593564],[118.095225,24.593958],[118.095037,24.59511]]}},{"type":"Feature","properties":{"k":"major"},"geometry":{"type":"LineString","coordinates":[[118.095177,24.593642],[118.095106,24.593445],[118.095049,24.593403],[118.094887,24.593367]]}},{"type":"Feature","properties":{"k":"major"},"geometry":{"type":"LineString","coordinates":[[118.094961,24.595099],[118.094925,24.594913],[118.095117,24.593669],[118.095074,24.593477],[118.094996,24.593429],[118.094894,24.593422],[118.094494,24.593576],[118.094381,24.593619],[118.094163,24.593703],[118.093728,24.593943],[118.093316,24.594266],[118.092478,24.594742],[118.092227,24.594885],[118.090925,24.595621],[118.09044,24.5959],[118.090224,24.596025],[118.090084,24.596105],[118.08892,24.596775],[118.08731,24.597683],[118.086971,24.597876],[118.085107,24.598939],[118.08485,24.599085],[118.08405,24.599545],[118.081674,24.600911],[118.08138,24.601081],[118.08112,24.60123],[118.080796,24.601416],[118.080152,24.60177],[118.077593,24.603243],[118.075734,24.604288],[118.074462,24.605023],[118.074199,24.605175],[118.074159,24.605195],[118.073962,24.605294],[118.073541,24.605506],[118.073509,24.605524],[118.072532,24.606079],[118.072246,24.60624],[118.072049,24.606352],[118.071814,24.606485],[118.071674,24.606565],[118.071296,24.606779],[118.071162,24.606855],[118.070211,24.607394],[118.069874,24.607586],[118.069561,24.607786],[118.069134,24.608059],[118.068852,24.608215],[118.068619,24.608344],[118.068389,24.608463]]}},{"type":"Feature","properties":{"k":"major"},"geometry":{"type":"LineString","coordinates":[[118.087071,24.597131],[118.08733,24.596902],[118.087597,24.596641],[118.087823,24.596378],[118.088001,24.596167],[118.08812,24.595895],[118.088181,24.595611],[118.088216,24.595059]]}},{"type":"Feature","properties":{"k":"major"},"geometry":{"type":"LineString","coordinates":[[118.104186,24.591489],[118.103384,24.590419],[118.103349,24.590373],[118.102432,24.589189],[118.102171,24.588841],[118.101935,24.588541],[118.101731,24.588296],[118.101415,24.587687],[118.101046,24.587001],[118.10092,24.586766],[118.100464,24.585945],[118.10046,24.585916],[118.100425,24.585643],[118.100243,24.583734],[118.100233,24.583629]]}},{"type":"Feature","properties":{"k":"major"},"geometry":{"type":"LineString","coordinates":[[118.093972,24.574973],[118.094536,24.574973],[118.095174,24.574976],[118.096718,24.574979],[118.098178,24.574983],[118.10084,24.575025]]}},{"type":"Feature","properties":{"k":"major"},"geometry":{"type":"LineString","coordinates":[[118.098135,24.573042],[118.098178,24.574983],[118.098158,24.576318],[118.098146,24.577113],[118.098148,24.577207],[118.098104,24.579868],[118.097609,24.581012],[118.097555,24.581266],[118.097578,24.583859],[118.097582,24.583978],[118.097726,24.586148],[118.097768,24.586344],[118.098174,24.587029],[118.099935,24.589754],[118.100187,24.590143]]}},{"type":"Feature","properties":{"k":"major"},"geometry":{"type":"LineString","coordinates":[[118.10046,24.585916],[118.097726,24.586148],[118.096601,24.586076],[118.096474,24.58608],[118.096365,24.586115],[118.095942,24.586263]]}},{"type":"Feature","properties":{"k":"major"},"geometry":{"type":"LineString","coordinates":[[118.102731,24.582139],[118.102662,24.582184],[118.100243,24.583734],[118.097582,24.583978],[118.095442,24.584125],[118.094276,24.584188],[118.093889,24.584265]]}},{"type":"Feature","properties":{"k":"major"},"geometry":{"type":"LineString","coordinates":[[118.095442,24.584125],[118.095453,24.584027],[118.095444,24.583413],[118.095439,24.583024],[118.095423,24.581939],[118.095421,24.581551],[118.095372,24.580932],[118.095355,24.580682],[118.095337,24.580372],[118.095303,24.579755],[118.094926,24.578837],[118.094558,24.577849],[118.094267,24.577051],[118.094239,24.576954],[118.094081,24.575782],[118.093972,24.574973],[118.093891,24.574478],[118.093597,24.57268],[118.093522,24.572007],[118.093329,24.571108],[118.092883,24.56985],[118.092642,24.569724],[118.092363,24.56946],[118.091697,24.56854],[118.09158,24.568377],[118.091537,24.568241],[118.091505,24.568019]]}},{"type":"Feature","properties":{"k":"major"},"geometry":{"type":"LineString","coordinates":[[118.092044,24.579615],[118.092124,24.579598],[118.095303,24.579755],[118.098104,24.579868]]}},{"type":"Feature","properties":{"k":"road"},"geometry":{"type":"LineString","coordinates":[[118.091398,24.580188],[118.091561,24.580167],[118.091818,24.580133]]}},{"type":"Feature","properties":{"k":"road"},"geometry":{"type":"LineString","coordinates":[[118.0899,24.585802],[118.089792,24.584624],[118.089692,24.58363],[118.089673,24.583442],[118.089647,24.583181],[118.089619,24.58291],[118.089551,24.582227]]}},{"type":"Feature","properties":{"k":"road"},"geometry":{"type":"LineString","coordinates":[[118.088649,24.582296],[118.088665,24.582464],[118.088714,24.582972],[118.088734,24.583173],[118.088767,24.583515],[118.088775,24.583593],[118.088996,24.585866]]}},{"type":"Feature","properties":{"k":"road"},"geometry":{"type":"LineString","coordinates":[[118.088775,24.583593],[118.087128,24.583764]]}},{"type":"Feature","properties":{"k":"road"},"geometry":{"type":"LineString","coordinates":[[118.088649,24.582296],[118.088788,24.582285],[118.089416,24.582237],[118.089551,24.582227],[118.090305,24.582144],[118.090671,24.582055],[118.090997,24.581804],[118.091192,24.581594],[118.091351,24.581376],[118.091436,24.58115],[118.091398,24.580188],[118.091365,24.579841],[118.091301,24.579573],[118.091167,24.579227],[118.090915,24.578646],[118.090695,24.578378],[118.090412,24.578193],[118.090031,24.578037],[118.089504,24.57789],[118.089064,24.577812],[118.088588,24.577793],[118.088544,24.577799],[118.088288,24.577837],[118.087869,24.577939],[118.0875,24.578115],[118.087054,24.578427],[118.08679,24.57871],[118.086602,24.579017],[118.086489,24.579315],[118.086431,24.579564],[118.086378,24.579861],[118.086397,24.580193],[118.086594,24.581159],[118.086859,24.582432]]}},{"type":"Feature","properties":{"k":"major"},"geometry":{"type":"LineString","coordinates":[[118.09247,24.594526],[118.090043,24.595863],[118.089736,24.596096],[118.089445,24.596417],[118.089284,24.596628],[118.08916,24.596873],[118.089035,24.597226],[118.088978,24.597661],[118.088982,24.598049],[118.089014,24.5988],[118.088992,24.599236],[118.088928,24.599686]]}},{"type":"Feature","properties":{"k":"major"},"geometry":{"type":"LineString","coordinates":[[118.088216,24.595059],[118.088078,24.593763],[118.08795,24.592106],[118.087794,24.590772],[118.087556,24.589069],[118.087197,24.587255],[118.087004,24.586212],[118.086782,24.585393],[118.085819,24.580211],[118.085537,24.578331],[118.085371,24.577016],[118.085266,24.575914],[118.08522,24.575369]]}},{"type":"Feature","properties":{"k":"major"},"geometry":{"type":"LineString","coordinates":[[118.089088,24.59617],[118.089919,24.595712],[118.092092,24.594514],[118.09266,24.594192]]}},{"type":"Feature","properties":{"k":"major"},"geometry":{"type":"LineString","coordinates":[[118.098662,24.591367],[118.097596,24.591988],[118.096483,24.592582],[118.096443,24.592605],[118.095682,24.593042],[118.095361,24.593198]]}},{"type":"Feature","properties":{"k":"major"},"geometry":{"type":"LineString","coordinates":[[118.07362,24.604897],[118.074068,24.604645],[118.074591,24.604349],[118.075163,24.604039],[118.082701,24.599736],[118.086148,24.597763],[118.086991,24.597283],[118.089581,24.595817],[118.092641,24.594095],[118.093287,24.593795]]}},{"type":"Feature","properties":{"k":"major"},"geometry":{"type":"LineString","coordinates":[[118.085104,24.570023],[118.085134,24.569708],[118.085185,24.569471],[118.085277,24.569244],[118.085424,24.568973],[118.085622,24.568753],[118.085795,24.568573],[118.085975,24.568436],[118.086317,24.568255],[118.08678,24.568111],[118.087279,24.568008],[118.087694,24.567831],[118.087985,24.567648]]}},{"type":"Feature","properties":{"k":"major"},"geometry":{"type":"LineString","coordinates":[[118.086826,24.569902],[118.086425,24.569578]]}},{"type":"Feature","properties":{"k":"major"},"geometry":{"type":"LineString","coordinates":[[118.085508,24.56966],[118.085925,24.569328],[118.086466,24.568887],[118.087091,24.568389],[118.087985,24.567648]]}},{"type":"Feature","properties":{"k":"major"},"geometry":{"type":"LineString","coordinates":[[118.086425,24.569578],[118.085864,24.569126],[118.085623,24.568924]]}},{"type":"Feature","properties":{"k":"major"},"geometry":{"type":"LineString","coordinates":[[118.09266,24.594192],[118.093287,24.593795]]}},{"type":"Feature","properties":{"k":"major"},"geometry":{"type":"LineString","coordinates":[[118.092028,24.596093],[118.093229,24.596261],[118.09474,24.596469],[118.094809,24.596486],[118.096914,24.596787],[118.099144,24.597107],[118.100123,24.596499],[118.100213,24.596408],[118.100199,24.596326],[118.100173,24.596229],[118.099776,24.595719],[118.099576,24.595463],[118.098656,24.59428],[118.098145,24.59361],[118.097384,24.592609],[118.09722,24.592395]]}},{"type":"Feature","properties":{"k":"water"},"geometry":{"type":"Polygon","coordinates":[[[118.089489,24.577753],[118.089446,24.57765],[118.089446,24.577587],[118.089382,24.577514],[118.089392,24.577436],[118.089392,24.577377],[118.089339,24.577333],[118.089344,24.577275],[118.089355,24.577153],[118.089339,24.577085],[118.089333,24.577016],[118.089365,24.576967],[118.089414,24.577031],[118.089467,24.57707],[118.089505,24.577104],[118.089521,24.577163],[118.089473,24.577187],[118.089473,24.577265],[118.089521,24.577289],[118.089494,24.577338],[118.089537,24.577392],[118.089553,24.57745],[118.089521,24.577509],[118.089526,24.577582],[118.089575,24.577626],[118.089536,24.577646],[118.089553,24.577681],[118.089552,24.577727],[118.089489,24.577753]]]}},{"type":"Feature","properties":{"k":"water"},"geometry":{"type":"Polygon","coordinates":[[[118.089931,24.579636],[118.089942,24.579677],[118.089942,24.579729],[118.089948,24.579787],[118.089988,24.579882],[118.089969,24.579948],[118.089993,24.580002],[118.089966,24.580046],[118.089956,24.580092],[118.089958,24.580126],[118.089988,24.580175],[118.089969,24.580221],[118.089974,24.580253],[118.089998,24.58028],[118.089974,24.580316],[118.08999,24.580377],[118.090028,24.58038],[118.089996,24.580412],[118.089996,24.580465],[118.089996,24.580507],[118.089982,24.580565],[118.090015,24.580634],[118.089977,24.580677],[118.089996,24.580729],[118.090007,24.580775],[118.090025,24.580826],[118.090055,24.580834],[118.090047,24.580865],[118.090031,24.580904],[118.089998,24.580958],[118.089977,24.581024],[118.089993,24.581134],[118.090023,24.581204],[118.090009,24.581246],[118.090023,24.581275],[118.090015,24.581329],[118.08999,24.581368],[118.090036,24.581416],[118.090071,24.581446],[118.09009,24.58149],[118.09009,24.581529],[118.090082,24.581573],[118.09006,24.581621],[118.090039,24.58168],[118.090044,24.581724],[118.090068,24.58176],[118.090074,24.58179],[118.090063,24.581821],[118.09002,24.581831],[118.089982,24.581821],[118.089948,24.581846],[118.089907,24.581846],[118.089878,24.581836],[118.089846,24.581831],[118.089821,24.581795],[118.08983,24.581748],[118.089846,24.581702],[118.089838,24.581663],[118.089824,24.581621],[118.08983,24.581595],[118.089859,24.581573],[118.089859,24.581541],[118.089832,24.581516],[118.089854,24.581499],[118.089851,24.581463],[118.089821,24.581443],[118.089781,24.581443],[118.089781,24.581399],[118.089781,24.581292],[118.089789,24.581243],[118.089811,24.581212],[118.089811,24.58116],[118.089787,24.581129],[118.089768,24.581099],[118.089771,24.581043],[118.089805,24.581002],[118.089805,24.580958],[118.089768,24.580946],[118.089789,24.580904],[118.089803,24.580865],[118.089803,24.580821],[118.089803,24.580787],[118.08976,24.58078],[118.089746,24.580748],[118.089749,24.580714],[118.08976,24.580694],[118.089789,24.580675],[118.0898,24.580616],[118.0898,24.580555],[118.089741,24.580507],[118.089771,24.580463],[118.089762,24.580426],[118.089746,24.580399],[118.089746,24.580373],[118.089717,24.580346],[118.089682,24.580329],[118.089671,24.580263],[118.089685,24.580236],[118.089677,24.580187],[118.089652,24.580129],[118.089663,24.580102],[118.089663,24.580068],[118.089658,24.580024],[118.089658,24.579968],[118.089663,24.579943],[118.089661,24.579912],[118.089661,24.579885],[118.089661,24.579846],[118.089647,24.579831],[118.089658,24.579794],[118.089671,24.579763],[118.089666,24.579733],[118.089631,24.579707],[118.089631,24.579685],[118.089652,24.579638],[118.089682,24.579643],[118.089717,24.579619],[118.089754,24.579582],[118.089784,24.57958],[118.089797,24.579616],[118.089821,24.579599],[118.08984,24.579607],[118.089882,24.579598],[118.089931,24.579636]]]}},{"type":"Feature","properties":{"k":"water"},"geometry":{"type":"Polygon","coordinates":[[[118.089709,24.579397],[118.089612,24.579338],[118.089569,24.579211],[118.089591,24.579094],[118.089569,24.578929],[118.089516,24.578831],[118.089526,24.578685],[118.089526,24.578509],[118.089494,24.578392],[118.089494,24.578138],[118.089559,24.578119],[118.089655,24.578216],[118.089655,24.578304],[118.089677,24.57845],[118.089677,24.578577],[118.08972,24.578733],[118.089762,24.578831],[118.08973,24.578929],[118.089805,24.579104],[118.089816,24.57929],[118.089709,24.579397]]]}},{"type":"Feature","id":222008797,"properties":{"k":"building","id":222008797,"h":18,"cat":"教学","name":"建发楼"},"geometry":{"type":"Polygon","coordinates":[[[118.087098,24.582276],[118.087696,24.58223],[118.087683,24.582092],[118.087646,24.582094],[118.087625,24.581864],[118.087616,24.581772],[118.087557,24.581777],[118.087494,24.581782],[118.087143,24.581809],[118.087145,24.581838],[118.087051,24.581845],[118.087062,24.581967],[118.086955,24.581975],[118.086971,24.582148],[118.087085,24.58214],[118.087098,24.582276]]]}},{"type":"Feature","properties":{"k":"green"},"geometry":{"type":"Polygon","coordinates":[[[118.08963,24.583599],[118.089491,24.582301],[118.08871,24.582367],[118.088837,24.583662],[118.089032,24.583646],[118.089026,24.583593],[118.089418,24.58356],[118.089424,24.583616],[118.08963,24.583599]]]}},{"type":"Feature","id":222008802,"properties":{"k":"building","id":222008802,"h":18,"cat":"教学","name":"美岭楼"},"geometry":{"type":"Polygon","coordinates":[[[118.088488,24.582132],[118.088478,24.582018],[118.088584,24.582009],[118.088569,24.581832],[118.088458,24.58184],[118.088445,24.581719],[118.088334,24.581727],[118.088329,24.581696],[118.08791,24.581733],[118.087908,24.581761],[118.08788,24.581761],[118.087884,24.581846],[118.087625,24.581864],[118.087646,24.582094],[118.087683,24.582092],[118.087884,24.582081],[118.087894,24.582207],[118.08838,24.582168],[118.088379,24.582139],[118.088488,24.582132]]]}},{"type":"Feature","id":222008803,"properties":{"k":"building","id":222008803,"h":18,"cat":"图书馆","name":"嘉庚图书馆"},"geometry":{"type":"Polygon","coordinates":[[[118.089766,24.5834],[118.08968,24.582675],[118.090558,24.582588],[118.090645,24.583314],[118.089766,24.5834]]]}},{"type":"Feature","properties":{"k":"water"},"geometry":{"type":"Polygon","coordinates":[[[118.088827,24.582088],[118.088763,24.581981],[118.088806,24.581776],[118.088924,24.581707],[118.088999,24.581522],[118.089009,24.5812],[118.089052,24.580917],[118.088988,24.580546],[118.088934,24.580137],[118.088849,24.5796],[118.08879,24.579188],[118.088806,24.578956],[118.088802,24.578796],[118.088743,24.578682],[118.088753,24.57858],[118.088795,24.578517],[118.088764,24.578175],[118.088738,24.578073],[118.088796,24.577983],[118.08919,24.578032],[118.089278,24.578195],[118.089278,24.578449],[118.089353,24.578868],[118.089417,24.579356],[118.089492,24.579756],[118.089557,24.580019],[118.08961,24.580517],[118.089578,24.580868],[118.089578,24.581268],[118.089664,24.581502],[118.089589,24.581932],[118.089535,24.582098],[118.089138,24.582146],[118.088827,24.582088]]]}},{"type":"Feature","properties":{"k":"pitch","name":"体育学院操场"},"geometry":{"type":"Polygon","coordinates":[[[118.091033,24.583437],[118.090957,24.582559],[118.091591,24.582513],[118.091667,24.583392],[118.091033,24.583437]]]}},{"type":"Feature","id":222008806,"properties":{"k":"building","id":222008806,"h":18,"cat":"教学","name":"庄汉水楼"},"geometry":{"type":"Polygon","coordinates":[[[118.088468,24.581429],[118.088287,24.581444],[118.088275,24.581325],[118.087972,24.581351],[118.08795,24.581139],[118.088254,24.581113],[118.088242,24.581003],[118.088305,24.580997],[118.088429,24.580987],[118.088431,24.581],[118.088719,24.580976],[118.088737,24.581152],[118.08877,24.581149],[118.088779,24.581242],[118.08875,24.581245],[118.088764,24.581381],[118.088465,24.581407],[118.088468,24.581429]]]}},{"type":"Feature","id":222008807,"properties":{"k":"building","id":222008807,"h":18,"cat":"教学","name":"章辉楼"},"geometry":{"type":"Polygon","coordinates":[[[118.086684,24.58001],[118.086645,24.579625],[118.087171,24.579578],[118.087367,24.579561],[118.087411,24.579944],[118.086684,24.58001]]]}},{"type":"Feature","properties":{"k":"pitch"},"geometry":{"type":"Polygon","coordinates":[[[118.088385,24.5874],[118.088383,24.586409],[118.089072,24.586407],[118.089074,24.587399],[118.088385,24.5874]]]}},{"type":"Feature","id":222008809,"properties":{"k":"building","id":222008809,"h":18,"cat":"教学","name":"禹洲楼"},"geometry":{"type":"Polygon","coordinates":[[[118.086866,24.581643],[118.086816,24.581198],[118.087541,24.581142],[118.087586,24.581577],[118.087536,24.581581],[118.087477,24.581587],[118.086866,24.581643]]]}},{"type":"Feature","id":222011322,"properties":{"k":"building","id":222011322,"h":21.6,"cat":"宿舍","name":"引桐楼"},"geometry":{"type":"Polygon","coordinates":[[[118.090167,24.583729],[118.089911,24.583751],[118.08992,24.58384],[118.090218,24.583815],[118.090211,24.583747],[118.090748,24.583701],[118.090738,24.583597],[118.090159,24.583647],[118.090161,24.583672],[118.090103,24.583677],[118.090107,24.58371],[118.090165,24.583705],[118.090167,24.583729]]]}},{"type":"Feature","id":222011323,"properties":{"k":"building","id":222011323,"h":21.6,"cat":"宿舍","name":"第五社区2号楼"},"geometry":{"type":"Polygon","coordinates":[[[118.090481,24.584041],[118.090756,24.584017],[118.090746,24.583927],[118.090471,24.583951],[118.090478,24.584013],[118.089971,24.584057],[118.089979,24.584138],[118.090486,24.584094],[118.090481,24.584041]]]}},{"type":"Feature","id":222011324,"properties":{"k":"building","id":222011324,"h":21.6,"cat":"宿舍","name":"第五社区3号楼"},"geometry":{"type":"Polygon","coordinates":[[[118.089915,24.584463],[118.090764,24.584389],[118.090752,24.584276],[118.089904,24.584349],[118.089915,24.584463]]]}},{"type":"Feature","id":222011325,"properties":{"k":"building","id":222011325,"h":21.6,"cat":"宿舍","name":"第五社区4号楼"},"geometry":{"type":"Polygon","coordinates":[[[118.089872,24.584661],[118.089883,24.584765],[118.090756,24.584689],[118.090746,24.584585],[118.089872,24.584661]]]}},{"type":"Feature","id":222011326,"properties":{"k":"building","id":222011326,"h":21.6,"cat":"宿舍","name":"第五社区5号楼"},"geometry":{"type":"Polygon","coordinates":[[[118.089901,24.584966],[118.089912,24.585064],[118.09076,24.584989],[118.09075,24.584891],[118.089901,24.584966]]]}},{"type":"Feature","properties":{"k":"road"},"geometry":{"type":"LineString","coordinates":[[118.089412,24.589883],[118.0894,24.588929],[118.089403,24.588331],[118.089437,24.588261],[118.089433,24.588177],[118.089432,24.588139],[118.08943,24.588029],[118.089425,24.587868],[118.089426,24.587586],[118.089427,24.586952],[118.089417,24.585838]]}},{"type":"Feature","properties":{"k":"road"},"geometry":{"type":"LineString","coordinates":[[118.090911,24.586821],[118.090872,24.585729]]}},{"type":"Feature","properties":{"k":"road"},"geometry":{"type":"LineString","coordinates":[[118.091824,24.588026],[118.091813,24.58795],[118.091789,24.587783],[118.091697,24.58718],[118.09164,24.58675],[118.091533,24.585697],[118.091415,24.583848],[118.091872,24.583824],[118.091904,24.583789],[118.092025,24.58366],[118.092198,24.58347],[118.092324,24.583411],[118.092552,24.583304],[118.092978,24.583155],[118.093189,24.583081]]}},{"type":"Feature","id":225703161,"properties":{"k":"building","id":225703161,"h":7.2,"cat":"食堂","name":"材塗膳厅"},"geometry":{"type":"Polygon","coordinates":[[[118.090792,24.587463],[118.090739,24.587469],[118.090783,24.587793],[118.090909,24.587779],[118.090915,24.587822],[118.091139,24.587797],[118.091136,24.587779],[118.091238,24.587768],[118.091333,24.587757],[118.091339,24.587799],[118.091653,24.587763],[118.091605,24.587411],[118.091635,24.587407],[118.091576,24.58697],[118.091547,24.586973],[118.091544,24.586944],[118.090986,24.587007],[118.090784,24.587029],[118.090788,24.587058],[118.090738,24.587064],[118.090741,24.587092],[118.090743,24.587107],[118.090747,24.587132],[118.090792,24.587463]]]}},{"type":"Feature","id":225703162,"properties":{"k":"building","id":225703162,"h":18,"cat":"教学","name":"月明楼"},"geometry":{"type":"Polygon","coordinates":[[[118.090655,24.58759],[118.090685,24.587586],[118.090676,24.587518],[118.090623,24.587512],[118.090571,24.587499],[118.090522,24.58748],[118.090477,24.587454],[118.090435,24.58742],[118.090399,24.587381],[118.09037,24.587337],[118.090348,24.58729],[118.090335,24.58724],[118.090323,24.587157],[118.090319,24.587119],[118.090312,24.587062],[118.09025,24.587064],[118.09023,24.587065],[118.090234,24.587086],[118.090081,24.587099],[118.089833,24.587117],[118.089789,24.587122],[118.089758,24.587187],[118.089717,24.587282],[118.08972,24.587345],[118.089839,24.587517],[118.089929,24.587484],[118.090091,24.587438],[118.090115,24.58748],[118.089973,24.58756],[118.089978,24.587595],[118.089985,24.587643],[118.090023,24.587686],[118.09019,24.587741],[118.090221,24.587704],[118.090264,24.587654],[118.090305,24.587671],[118.090262,24.587753],[118.09032,24.587801],[118.090379,24.58782],[118.090461,24.587794],[118.090479,24.587705],[118.090508,24.587716],[118.090511,24.587779],[118.090602,24.587814],[118.090621,24.587812],[118.090676,24.587746],[118.090655,24.58759]]]}},{"type":"Feature","id":225706555,"properties":{"k":"building","id":225706555,"h":21.6,"cat":"宿舍","name":"第五社区6号楼"},"geometry":{"type":"Polygon","coordinates":[[[118.09088,24.584121],[118.090991,24.58411],[118.090981,24.584024],[118.091201,24.584002],[118.091212,24.584088],[118.091286,24.584081],[118.091265,24.583904],[118.090859,24.583943],[118.09088,24.584121]]]}},{"type":"Feature","id":225706556,"properties":{"k":"building","id":225706556,"h":21.6,"cat":"宿舍","name":"第五社区7号楼"},"geometry":{"type":"Polygon","coordinates":[[[118.090879,24.584529],[118.091013,24.584516],[118.091003,24.584432],[118.091197,24.584413],[118.091207,24.584497],[118.0913,24.584488],[118.091279,24.584306],[118.090857,24.584347],[118.090879,24.584529]]]}},{"type":"Feature","id":225706557,"properties":{"k":"building","id":225706557,"h":21.6,"cat":"宿舍","name":"第五社区8号楼"},"geometry":{"type":"Polygon","coordinates":[[[118.090925,24.584846],[118.091307,24.584808],[118.091297,24.584725],[118.090915,24.584762],[118.090925,24.584846]]]}},{"type":"Feature","id":225706735,"properties":{"k":"building","id":225706735,"h":18,"cat":"教学","name":"尚大楼"},"geometry":{"type":"Polygon","coordinates":[[[118.088121,24.580639],[118.08809,24.580345],[118.088453,24.580313],[118.088484,24.580607],[118.088246,24.580628],[118.088121,24.580639]]]}},{"type":"Feature","id":225706737,"properties":{"k":"building","id":225706737,"h":18,"cat":"教学","name":"吕振万楼"},"geometry":{"type":"Polygon","coordinates":[[[118.087792,24.579882],[118.088103,24.579853],[118.088116,24.579971],[118.088304,24.579953],[118.088302,24.579936],[118.088534,24.579914],[118.088532,24.579897],[118.088596,24.579891],[118.088582,24.57977],[118.088618,24.579766],[118.088607,24.579662],[118.088574,24.579665],[118.088558,24.579519],[118.088491,24.579525],[118.088488,24.579497],[118.08826,24.579519],[118.088258,24.579504],[118.088076,24.579521],[118.088089,24.579629],[118.087767,24.57966],[118.087792,24.579882]]]}},{"type":"Feature","id":225707338,"properties":{"k":"building","id":225707338,"h":18,"cat":"图书馆","name":"陈延奎图书馆"},"geometry":{"type":"Polygon","coordinates":[[[118.08734,24.580957],[118.087316,24.580724],[118.087252,24.58073],[118.087217,24.580397],[118.087271,24.580392],[118.087245,24.580143],[118.087777,24.580097],[118.087862,24.580912],[118.08734,24.580957]]]}},{"type":"Feature","properties":{"k":"major"},"geometry":{"type":"LineString","coordinates":[[118.092227,24.594885],[118.09204,24.596024],[118.092028,24.596093],[118.091651,24.59832],[118.091193,24.601191]]}},{"type":"Feature","properties":{"k":"pitch"},"geometry":{"type":"Polygon","coordinates":[[[118.088358,24.590282],[118.08903,24.590281],[118.089028,24.589352],[118.088356,24.589353],[118.088358,24.590282]]]}},{"type":"Feature","properties":{"k":"major"},"geometry":{"type":"LineString","coordinates":[[118.093834,24.584173],[118.094192,24.584085],[118.095453,24.584027],[118.097578,24.583859],[118.100233,24.583629],[118.100787,24.583271],[118.102601,24.582098],[118.102672,24.582053]]}},{"type":"Feature","properties":{"k":"major"},"geometry":{"type":"LineString","coordinates":[[118.102222,24.577236],[118.100788,24.577229],[118.100688,24.577228],[118.099179,24.577215],[118.098148,24.577207],[118.097035,24.577192],[118.096508,24.577185],[118.095461,24.577122],[118.094267,24.577051],[118.09415,24.577002],[118.094239,24.576954],[118.095549,24.577032],[118.095876,24.577051],[118.096492,24.577088],[118.097004,24.577096],[118.098146,24.577113],[118.099331,24.577126],[118.100689,24.57714],[118.100788,24.57714],[118.101594,24.577143],[118.102222,24.577144],[118.103237,24.577149],[118.104305,24.577153],[118.104935,24.577155],[118.105521,24.57718],[118.105663,24.577207],[118.105514,24.577207],[118.105243,24.577201],[118.104294,24.577243],[118.103069,24.577236],[118.102222,24.577236]]}},{"type":"Feature","properties":{"k":"major"},"geometry":{"type":"LineString","coordinates":[[118.085225,24.576828],[118.085059,24.576827],[118.084998,24.576826]]}},{"type":"Feature","properties":{"k":"major"},"geometry":{"type":"LineString","coordinates":[[118.09045,24.576816],[118.090767,24.576811],[118.091151,24.576824],[118.091433,24.57684],[118.091823,24.576851],[118.092514,24.57684],[118.09305,24.576893],[118.09415,24.577002]]}},{"type":"Feature","properties":{"k":"road"},"geometry":{"type":"LineString","coordinates":[[118.088466,24.57707],[118.088484,24.577229],[118.088493,24.577313],[118.088539,24.577749],[118.088544,24.577799],[118.088549,24.577858],[118.088569,24.578104],[118.088614,24.578566],[118.088611,24.578665],[118.088598,24.579111],[118.088609,24.579351],[118.088805,24.579999],[118.088892,24.580638],[118.088896,24.580931],[118.088902,24.581338],[118.088817,24.581567],[118.088724,24.581803],[118.088644,24.582112],[118.088647,24.582247],[118.088649,24.582296]]}},{"type":"Feature","properties":{"k":"major"},"geometry":{"type":"LineString","coordinates":[[118.087006,24.568576],[118.086683,24.568973],[118.086611,24.569244],[118.086665,24.569437]]}},{"type":"Feature","properties":{"k":"major"},"geometry":{"type":"LineString","coordinates":[[118.086665,24.569437],[118.087024,24.569805],[118.08708,24.569859],[118.087384,24.570125],[118.087553,24.570292],[118.087622,24.570445]]}},{"type":"Feature","properties":{"k":"major"},"geometry":{"type":"LineString","coordinates":[[118.093287,24.593795],[118.094366,24.593415],[118.095246,24.593087]]}},{"type":"Feature","properties":{"k":"major"},"geometry":{"type":"LineString","coordinates":[[118.093482,24.593972],[118.092918,24.59439],[118.090053,24.596013],[118.089789,24.596158],[118.089506,24.596314],[118.089287,24.596439],[118.086612,24.597955],[118.086357,24.598102],[118.081416,24.600921],[118.081013,24.601151],[118.080719,24.601316],[118.079128,24.602211],[118.075416,24.604336],[118.075384,24.604355],[118.073887,24.605173]]}},{"type":"Feature","properties":{"k":"major"},"geometry":{"type":"LineString","coordinates":[[118.071721,24.605925],[118.073079,24.605128],[118.073182,24.60507],[118.073608,24.604802],[118.073971,24.604573],[118.074985,24.60398],[118.075308,24.603816],[118.075354,24.60379],[118.077361,24.602676],[118.077757,24.602452],[118.078713,24.601908],[118.080199,24.601063],[118.081558,24.600286],[118.082111,24.599941],[118.083421,24.599222],[118.084779,24.598446],[118.085378,24.598104],[118.086127,24.597676],[118.08669,24.597355],[118.087071,24.597131],[118.087661,24.596772],[118.08822,24.596467],[118.089183,24.595924],[118.089762,24.595604],[118.090109,24.595413],[118.09026,24.59533],[118.090545,24.595165],[118.090768,24.595036],[118.09173,24.59449],[118.092683,24.59398],[118.093555,24.593578],[118.093663,24.593576],[118.093815,24.593519],[118.09493,24.593097],[118.095391,24.592919],[118.095751,24.592736],[118.096572,24.592305],[118.098377,24.591223],[118.0986,24.591101]]}},{"type":"Feature","properties":{"k":"major"},"geometry":{"type":"LineString","coordinates":[[118.096087,24.587062],[118.095676,24.586487],[118.095035,24.585676],[118.094125,24.584368]]}},{"type":"Feature","id":535928087,"properties":{"k":"building","id":535928087,"h":14.4,"cat":"生活","name":"厦门集美大学亚朵酒店"},"geometry":{"type":"Polygon","coordinates":[[[118.089829,24.577594],[118.090218,24.577552],[118.090262,24.577895],[118.089874,24.577937],[118.089829,24.577594]]]}},{"type":"Feature","properties":{"k":"pitch"},"geometry":{"type":"Polygon","coordinates":[[[118.094049,24.574066],[118.093912,24.57312],[118.094582,24.57304],[118.094718,24.573986],[118.094049,24.574066]]]}},{"type":"Feature","properties":{"k":"major"},"geometry":{"type":"LineString","coordinates":[[118.088331,24.59633],[118.088216,24.595059]]}},{"type":"Feature","properties":{"k":"major"},"geometry":{"type":"LineString","coordinates":[[118.095037,24.59511],[118.094935,24.595737],[118.094884,24.596043],[118.094809,24.596486],[118.094425,24.59855],[118.094402,24.59869],[118.094188,24.599945],[118.093904,24.601558],[118.093831,24.602022],[118.093655,24.603076],[118.093483,24.603995],[118.093429,24.604222],[118.093363,24.604377],[118.093195,24.60469],[118.092977,24.60505],[118.092755,24.6053],[118.091862,24.605966],[118.091389,24.606323],[118.091017,24.606608],[118.090922,24.606678],[118.090776,24.606789],[118.090762,24.6068],[118.090478,24.606998],[118.088944,24.608223],[118.088175,24.608804],[118.086898,24.609744],[118.086674,24.609958],[118.0864,24.610216],[118.086176,24.610495],[118.084624,24.612597],[118.084477,24.612815],[118.08416,24.613286],[118.083895,24.613741],[118.083562,24.614597],[118.083337,24.61546],[118.083131,24.615923],[118.082914,24.616247],[118.082828,24.616376],[118.082583,24.616685],[118.082306,24.616991],[118.081897,24.617262],[118.079896,24.618415],[118.075093,24.621183],[118.074672,24.621302],[118.074528,24.621343],[118.071914,24.62162],[118.07155,24.621673],[118.071216,24.621749],[118.070835,24.621881]]}},{"type":"Feature","properties":{"k":"major"},"geometry":{"type":"LineString","coordinates":[[118.095701,24.586817],[118.095638,24.586732],[118.095414,24.586432],[118.095057,24.585952],[118.094452,24.585098],[118.093889,24.584265],[118.093834,24.584173],[118.093626,24.583821],[118.093189,24.583081],[118.092878,24.582531],[118.092536,24.581843],[118.092203,24.58105],[118.092039,24.580658],[118.091818,24.580133],[118.0915,24.57933],[118.090823,24.577673],[118.090659,24.577323],[118.09045,24.576816],[118.09038,24.576649],[118.090234,24.576361],[118.089957,24.575816],[118.089611,24.575129]]}},{"type":"Feature","properties":{"k":"major"},"geometry":{"type":"LineString","coordinates":[[118.084946,24.575411],[118.085059,24.576827],[118.085091,24.577226],[118.085564,24.580656],[118.085708,24.581281],[118.085961,24.582164],[118.086261,24.583461],[118.08669,24.585744],[118.086663,24.586003],[118.086558,24.586342],[118.086384,24.586573],[118.085909,24.586898],[118.085628,24.587025],[118.085465,24.58726],[118.085448,24.58752],[118.085472,24.587661],[118.085525,24.587797],[118.085701,24.587993],[118.085848,24.588133],[118.085902,24.588218],[118.085947,24.588288],[118.085963,24.588313],[118.086019,24.588516],[118.086154,24.589684],[118.086162,24.589752],[118.086191,24.590216],[118.08619,24.590685],[118.086167,24.591281],[118.08612,24.59177],[118.08605,24.592345],[118.085933,24.592951],[118.085792,24.59359],[118.085628,24.594143],[118.085441,24.594685],[118.085311,24.595019],[118.08509,24.595483],[118.08488,24.595856],[118.084622,24.596207],[118.084318,24.59659],[118.08385,24.597132],[118.083429,24.597543],[118.083078,24.597864],[118.082736,24.598143],[118.082329,24.59843],[118.081931,24.598685],[118.081449,24.598996],[118.080808,24.599356],[118.079942,24.599856],[118.079685,24.599996],[118.079123,24.600325],[118.078079,24.600936],[118.077045,24.601537],[118.07681,24.601642],[118.076588,24.601741],[118.075912,24.601916],[118.075509,24.602],[118.075209,24.602062],[118.074528,24.60214],[118.07398,24.602191],[118.073745,24.602213],[118.073417,24.602226]]}},{"type":"Feature","properties":{"k":"major"},"geometry":{"type":"LineString","coordinates":[[118.085525,24.576822],[118.085225,24.576828]]}},{"type":"Feature","properties":{"k":"major"},"geometry":{"type":"LineString","coordinates":[[118.09045,24.576816],[118.089761,24.576816],[118.088854,24.576816],[118.088689,24.576816],[118.088236,24.576819],[118.087936,24.57682],[118.086553,24.576827],[118.086233,24.576829],[118.085883,24.576825],[118.085525,24.576822]]}},{"type":"Feature","properties":{"k":"major"},"geometry":{"type":"LineString","coordinates":[[118.085751,24.588128],[118.085848,24.588133],[118.086013,24.588116],[118.086918,24.588032],[118.087049,24.587992],[118.087141,24.587892],[118.087154,24.587769],[118.0868,24.585764],[118.086782,24.585393]]}},{"type":"Feature","properties":{"k":"major"},"geometry":{"type":"LineString","coordinates":[[118.070729,24.621791],[118.071042,24.621695],[118.071188,24.621644],[118.071545,24.621564],[118.071686,24.621539],[118.072485,24.62144],[118.074465,24.621272],[118.07503,24.621112],[118.079833,24.618344],[118.081834,24.617191],[118.082087,24.617028],[118.082285,24.616865],[118.082551,24.616547],[118.082714,24.616266],[118.082818,24.616163],[118.083035,24.615826],[118.083129,24.615694],[118.083274,24.615389],[118.083499,24.614526],[118.083602,24.614263],[118.083832,24.61367],[118.084097,24.613215],[118.084561,24.612526],[118.084863,24.612116],[118.085405,24.611382],[118.086113,24.610424],[118.086611,24.609887],[118.087291,24.609364],[118.088112,24.608733],[118.088475,24.608459],[118.088881,24.608152],[118.090201,24.607157],[118.090435,24.606974],[118.090726,24.606756],[118.090881,24.606634],[118.090972,24.606564],[118.091348,24.606266],[118.091816,24.605922],[118.092716,24.605251],[118.092988,24.604901],[118.093193,24.604572],[118.093288,24.604357],[118.093346,24.604195],[118.093411,24.604],[118.093582,24.603054],[118.093836,24.601548],[118.094129,24.599931],[118.09433,24.59868],[118.094356,24.598539],[118.09474,24.596469],[118.094863,24.595745],[118.094961,24.595099],[118.095134,24.593949],[118.095177,24.593642],[118.095361,24.593198]]}},{"type":"Feature","properties":{"k":"major"},"geometry":{"type":"LineString","coordinates":[[118.087794,24.590772],[118.08763,24.590268],[118.087272,24.588317],[118.087202,24.58824],[118.087101,24.58819],[118.087072,24.588186],[118.086997,24.588175],[118.086607,24.588204],[118.085947,24.588288],[118.085876,24.5883]]}},{"type":"Feature","properties":{"k":"major"},"geometry":{"type":"LineString","coordinates":[[118.073428,24.60214],[118.073967,24.602101],[118.074278,24.602079],[118.075106,24.601977],[118.075489,24.601923],[118.075657,24.601899],[118.076328,24.601745],[118.076775,24.601578],[118.076906,24.601529],[118.077381,24.601281],[118.078046,24.600878],[118.079089,24.600273],[118.079652,24.599947],[118.079909,24.599807],[118.080775,24.599307],[118.081416,24.598947],[118.081895,24.598639],[118.082292,24.598384],[118.082696,24.5981],[118.083035,24.597823],[118.083384,24.597503],[118.083802,24.597095],[118.084268,24.596555],[118.084571,24.596174],[118.084826,24.595827],[118.085033,24.595459],[118.085253,24.594989],[118.085382,24.594667],[118.085568,24.594127],[118.085731,24.593577],[118.085871,24.592941],[118.085988,24.592337],[118.086058,24.591765],[118.086104,24.591278],[118.086127,24.590685],[118.086129,24.59021],[118.086099,24.589745],[118.086092,24.589685],[118.085942,24.588534],[118.085887,24.588321],[118.085876,24.5883],[118.085851,24.588249],[118.08583,24.588223],[118.085751,24.588128],[118.085481,24.587879],[118.085407,24.587668],[118.085385,24.587523],[118.085405,24.587239],[118.085585,24.586982],[118.085877,24.586849],[118.086335,24.58656],[118.086519,24.58629],[118.086602,24.585989],[118.086627,24.585746],[118.0862,24.583472],[118.0859,24.582177],[118.085648,24.581294],[118.085502,24.580666],[118.085238,24.578746],[118.085066,24.577502],[118.085029,24.577232],[118.084998,24.576826],[118.084983,24.576642],[118.084898,24.575534],[118.084946,24.575411]]}},{"type":"Feature","properties":{"k":"major"},"geometry":{"type":"LineString","coordinates":[[118.085883,24.576825],[118.08577,24.576891],[118.085699,24.576953],[118.085636,24.577028],[118.085611,24.577104],[118.085657,24.57759],[118.08571,24.578218],[118.085749,24.578726],[118.085772,24.579162]]}},{"type":"Feature","properties":{"k":"major"},"geometry":{"type":"LineString","coordinates":[[118.083549,24.568275],[118.083989,24.56825],[118.084309,24.568277],[118.084708,24.568349],[118.085016,24.568445],[118.085312,24.568581],[118.085673,24.568808],[118.086298,24.569307],[118.08655,24.569514]]}},{"type":"Feature","properties":{"k":"major"},"geometry":{"type":"LineString","coordinates":[[118.087788,24.571188],[118.087791,24.571052],[118.087823,24.570841],[118.087841,24.570659],[118.08781,24.570499]]}},{"type":"Feature","properties":{"k":"major"},"geometry":{"type":"LineString","coordinates":[[118.08781,24.570499],[118.087785,24.570438],[118.087721,24.57031],[118.087575,24.570041],[118.087225,24.569325],[118.087093,24.56914]]}},{"type":"Feature","properties":{"k":"major"},"geometry":{"type":"LineString","coordinates":[[118.08655,24.569514],[118.0873,24.570146],[118.087509,24.57034],[118.087622,24.570445]]}},{"type":"Feature","properties":{"k":"major"},"geometry":{"type":"LineString","coordinates":[[118.087622,24.570445],[118.087768,24.570664],[118.087944,24.570943],[118.088548,24.572276],[118.089559,24.574508],[118.090035,24.575429]]}},{"type":"Feature","properties":{"k":"major"},"geometry":{"type":"LineString","coordinates":[[118.08725,24.569113],[118.086801,24.568441],[118.086702,24.568285]]}},{"type":"Feature","properties":{"k":"major"},"geometry":{"type":"LineString","coordinates":[[118.088548,24.572276],[118.088754,24.572468]]}},{"type":"Feature","properties":{"k":"major"},"geometry":{"type":"LineString","coordinates":[[118.089927,24.575489],[118.08956,24.574773],[118.08934,24.574341],[118.088906,24.573363],[118.088062,24.571484],[118.087837,24.571018],[118.087678,24.570755],[118.0875,24.570521],[118.087282,24.570302],[118.086826,24.569902]]}},{"type":"Feature","properties":{"k":"major"},"geometry":{"type":"LineString","coordinates":[[118.090035,24.575429],[118.090765,24.57692],[118.091111,24.577769],[118.091535,24.578819],[118.092054,24.580028],[118.092598,24.581386],[118.093232,24.582658],[118.094214,24.5843]]}},{"type":"Feature","properties":{"k":"major"},"geometry":{"type":"LineString","coordinates":[[118.094125,24.584368],[118.093497,24.583368],[118.092854,24.582183],[118.092414,24.581242],[118.091934,24.580105],[118.091432,24.578876],[118.090617,24.576893],[118.090394,24.576427],[118.089927,24.575489]]}},{"type":"Feature","properties":{"k":"major"},"geometry":{"type":"LineString","coordinates":[[118.094214,24.5843],[118.095174,24.585696],[118.095732,24.586405],[118.096158,24.586946],[118.096644,24.587591],[118.09683,24.587838],[118.096865,24.587884],[118.096879,24.587902],[118.097188,24.588315],[118.097306,24.588478]]}},{"type":"Feature","properties":{"k":"major"},"geometry":{"type":"LineString","coordinates":[[118.096469,24.587128],[118.096644,24.587591]]}},{"type":"Feature","properties":{"k":"major"},"geometry":{"type":"LineString","coordinates":[[118.096644,24.587591],[118.096818,24.587727],[118.097112,24.588096],[118.097303,24.588298]]}},{"type":"Feature","properties":{"k":"major"},"geometry":{"type":"LineString","coordinates":[[118.09702,24.588498],[118.096816,24.588197],[118.096609,24.587892],[118.096207,24.587318],[118.096087,24.587062]]}},{"type":"Feature","properties":{"k":"major"},"geometry":{"type":"LineString","coordinates":[[118.09702,24.588498],[118.096909,24.588356],[118.096787,24.588201],[118.095922,24.587098],[118.095701,24.586817]]}},{"type":"Feature","properties":{"k":"major"},"geometry":{"type":"LineString","coordinates":[[118.097186,24.58854],[118.096087,24.587062]]}},{"type":"Feature","properties":{"k":"major"},"geometry":{"type":"LineString","coordinates":[[118.097392,24.592178],[118.096974,24.592435],[118.096578,24.592653],[118.096084,24.592864]]}},{"type":"Feature","properties":{"k":"major"},"geometry":{"type":"LineString","coordinates":[[118.08725,24.569113],[118.087367,24.569413],[118.087477,24.569687],[118.087897,24.570481],[118.088012,24.570717],[118.088157,24.571128],[118.088305,24.571487],[118.088754,24.572468],[118.08878,24.572525],[118.089097,24.573181],[118.089842,24.574827],[118.090317,24.575835],[118.090506,24.576245],[118.090767,24.576811],[118.091058,24.577533],[118.091086,24.577602],[118.091411,24.578121],[118.091712,24.578602],[118.091915,24.579222],[118.092044,24.579615],[118.09208,24.579845],[118.092357,24.580569],[118.092506,24.580941],[118.092891,24.581803],[118.09334,24.582652],[118.093927,24.583692],[118.094192,24.584085],[118.094276,24.584188],[118.094612,24.584694],[118.096037,24.586561],[118.096469,24.587128],[118.09676,24.587508],[118.096958,24.587776],[118.097207,24.58813],[118.097303,24.588298]]}},{"type":"Feature","properties":{"k":"major"},"geometry":{"type":"LineString","coordinates":[[118.085348,24.575358],[118.085428,24.576597],[118.085629,24.578291],[118.085772,24.579162],[118.085996,24.580531],[118.087194,24.586596],[118.087568,24.588481],[118.087795,24.589688],[118.087919,24.590488],[118.088004,24.591131],[118.088219,24.593095],[118.08827,24.593885],[118.088469,24.596236]]}},{"type":"Feature","properties":{"k":"pitch"},"geometry":{"type":"Polygon","coordinates":[[[118.090899,24.583705],[118.090785,24.582408],[118.091294,24.582076],[118.091768,24.582242],[118.09187,24.583722],[118.091813,24.583783],[118.091316,24.583815],[118.091113,24.583764],[118.091038,24.5837],[118.090899,24.583705]]]}},{"type":"Feature","properties":{"k":"pitch"},"geometry":{"type":"Polygon","coordinates":[[[118.088518,24.591867],[118.089254,24.591873],[118.089266,24.590657],[118.089266,24.590631],[118.088257,24.590623],[118.088255,24.590777],[118.088382,24.590778],[118.088374,24.591558],[118.088521,24.591559],[118.088518,24.591867]]]}},{"type":"Feature","properties":{"k":"pitch"},"geometry":{"type":"Polygon","coordinates":[[[118.088176,24.590579],[118.088171,24.589014],[118.089089,24.589011],[118.089187,24.589011],[118.08919,24.590058],[118.089192,24.590476],[118.089192,24.590577],[118.088176,24.590579]]]}},{"type":"Feature","properties":{"k":"pitch","name":"庄重文夫人体育场"},"geometry":{"type":"Polygon","coordinates":[[[118.088038,24.587657],[118.087912,24.587479],[118.087825,24.587157],[118.087796,24.586926],[118.087806,24.58665],[118.087861,24.586401],[118.087955,24.586184],[118.088138,24.585972],[118.088148,24.586021],[118.088259,24.586063],[118.088347,24.586104],[118.088482,24.586021],[118.088499,24.586016],[118.088663,24.585973],[118.088739,24.585978],[118.088836,24.585984],[118.088969,24.586023],[118.088981,24.586026],[118.089113,24.586102],[118.089156,24.586151],[118.089258,24.586267],[118.089281,24.586344],[118.089316,24.586463],[118.089316,24.586556],[118.089315,24.586784],[118.089314,24.58701],[118.089313,24.587236],[118.089312,24.587343],[118.089272,24.587452],[118.089247,24.58752],[118.089153,24.587635],[118.089136,24.587655],[118.088994,24.587753],[118.088956,24.587764],[118.088812,24.587806],[118.088727,24.587804],[118.088643,24.587803],[118.088493,24.587761],[118.088454,24.587751],[118.08834,24.587679],[118.088038,24.587657]]]}},{"type":"Feature","properties":{"k":"pitch"},"geometry":{"type":"Polygon","coordinates":[[[118.092892,24.584955],[118.092786,24.58467],[118.093085,24.584578],[118.093191,24.584864],[118.092892,24.584955]]]}},{"type":"Feature","properties":{"k":"road"},"geometry":{"type":"LineString","coordinates":[[118.087917,24.588026],[118.089316,24.588029],[118.08943,24.588029],[118.089578,24.588029],[118.089624,24.588029],[118.09124,24.588027],[118.091729,24.588026],[118.091824,24.588026],[118.0919,24.588026],[118.092038,24.588024],[118.092585,24.5878],[118.093484,24.587375],[118.093443,24.587212],[118.094085,24.586982],[118.095414,24.586432]]}},{"type":"Feature","properties":{"k":"path"},"geometry":{"type":"LineString","coordinates":[[118.091311,24.588348],[118.090958,24.588738],[118.090895,24.588805],[118.090728,24.588981],[118.090693,24.589018],[118.090595,24.589122],[118.090004,24.589745],[118.089931,24.58982]]}},{"type":"Feature","properties":{"k":"road"},"geometry":{"type":"LineString","coordinates":[[118.089514,24.590415],[118.089524,24.590784],[118.089517,24.593123]]}},{"type":"Feature","properties":{"k":"road"},"geometry":{"type":"LineString","coordinates":[[118.08938,24.590266],[118.089346,24.590231],[118.089327,24.590188],[118.089323,24.590142],[118.089335,24.590097],[118.089363,24.590058],[118.089402,24.590029],[118.08945,24.590013],[118.089501,24.590011],[118.08955,24.590023],[118.089592,24.59005],[118.089623,24.590087],[118.089639,24.59013],[118.08964,24.590174],[118.089627,24.590215],[118.089601,24.590251],[118.089564,24.590279],[118.08952,24.590295],[118.089473,24.590299],[118.089423,24.59029],[118.08938,24.590266]]}},{"type":"Feature","id":800613280,"properties":{"k":"building","id":800613280,"h":10.8,"cat":"运动","name":"诚毅体育馆"},"geometry":{"type":"Polygon","coordinates":[[[118.088239,24.588843],[118.088249,24.588169],[118.089106,24.58818],[118.089096,24.588854],[118.088239,24.588843]]]}},{"type":"Feature","id":800613281,"properties":{"k":"building","id":800613281,"h":14.4,"cat":"教学","name":"诚毅影剧院"},"geometry":{"type":"Polygon","coordinates":[[[118.089744,24.588795],[118.089749,24.588388],[118.089815,24.588388],[118.089815,24.588341],[118.089853,24.588341],[118.090897,24.588342],[118.090897,24.588434],[118.090856,24.588434],[118.090885,24.588505],[118.090882,24.588573],[118.090878,24.58858],[118.090852,24.588628],[118.090807,24.588657],[118.090806,24.588726],[118.090785,24.588726],[118.090727,24.588726],[118.090727,24.588797],[118.089744,24.588795]]]}},{"type":"Feature","id":800639097,"properties":{"k":"building","id":800639097,"h":107,"cat":"教学","name":"景祺楼"},"geometry":{"type":"Polygon","coordinates":[[[118.088916,24.594975],[118.089195,24.594975],[118.089227,24.59517],[118.089592,24.595175],[118.089597,24.59498],[118.09,24.59497],[118.089989,24.594741],[118.08986,24.594736],[118.08985,24.594589],[118.089457,24.594583],[118.089195,24.59458],[118.089173,24.59475],[118.088937,24.594755],[118.088916,24.594975]]]}},{"type":"Feature","id":800639098,"properties":{"k":"building","id":800639098,"h":18,"cat":"图书馆","name":"陈文确陈六使图书馆"},"geometry":{"type":"Polygon","coordinates":[[[118.08985,24.594589],[118.089973,24.594565],[118.089962,24.594414],[118.08993,24.594389],[118.088942,24.59437],[118.088921,24.59457],[118.089195,24.59458],[118.089173,24.59475],[118.088937,24.594755],[118.088916,24.594975],[118.09,24.59497],[118.089989,24.594741],[118.08986,24.594736],[118.08985,24.594589]]]}},{"type":"Feature","id":800639099,"properties":{"k":"building","id":800639099,"h":21.6,"cat":"教学","name":"林树哲楼（9号楼）"},"geometry":{"type":"Polygon","coordinates":[[[118.090564,24.594204],[118.091353,24.594179],[118.091353,24.594008],[118.091265,24.594011],[118.09071,24.594024],[118.090654,24.594026],[118.090595,24.594027],[118.090564,24.594028],[118.090564,24.594204]]]}},{"type":"Feature","id":800639100,"properties":{"k":"building","id":800639100,"h":21.6,"cat":"教学","name":"3号楼"},"geometry":{"type":"Polygon","coordinates":[[[118.090573,24.593829],[118.090591,24.593828],[118.090656,24.593827],[118.090714,24.593826],[118.091206,24.593816],[118.091199,24.593674],[118.090716,24.593684],[118.09061,24.593686],[118.09057,24.593686],[118.090573,24.593829]]]}},{"type":"Feature","id":800639101,"properties":{"k":"building","id":800639101,"h":18,"cat":"教学","name":"8号楼"},"geometry":{"type":"Polygon","coordinates":[[[118.091208,24.59399],[118.091488,24.593976],[118.091486,24.593842],[118.091217,24.593838],[118.091208,24.59399]]]}},{"type":"Feature","id":800639102,"properties":{"k":"building","id":800639102,"h":21.6,"cat":"教学","name":"6号楼"},"geometry":{"type":"Polygon","coordinates":[[[118.09124,24.593801],[118.091969,24.593812],[118.091974,24.593641],[118.09188,24.593643],[118.091229,24.593656],[118.09124,24.593801]]]}},{"type":"Feature","id":800639103,"properties":{"k":"building","id":800639103,"h":10.8,"cat":"教学","name":"5号楼"},"geometry":{"type":"Polygon","coordinates":[[[118.091188,24.593637],[118.091391,24.593639],[118.091391,24.59345],[118.09131,24.593452],[118.091266,24.593453],[118.091193,24.593455],[118.091188,24.593637]]]}},{"type":"Feature","id":800639104,"properties":{"k":"building","id":800639104,"h":18,"cat":"教学","name":"4号楼"},"geometry":{"type":"Polygon","coordinates":[[[118.091836,24.593623],[118.092109,24.593615],[118.092102,24.593483],[118.091836,24.593471],[118.091836,24.593623]]]}},{"type":"Feature","id":800639105,"properties":{"k":"building","id":800639105,"h":21.6,"cat":"教学","name":"1号楼"},"geometry":{"type":"Polygon","coordinates":[[[118.091854,24.593434],[118.09188,24.593434],[118.092141,24.593436],[118.092421,24.593438],[118.092423,24.593313],[118.09185,24.593321],[118.091854,24.593434]]]}},{"type":"Feature","id":800639106,"properties":{"k":"building","id":800639106,"h":21.6,"cat":"教学","name":"2号楼"},"geometry":{"type":"Polygon","coordinates":[[[118.091391,24.59345],[118.091583,24.593444],[118.091854,24.593434],[118.09185,24.593321],[118.091319,24.593327],[118.09131,24.593452],[118.091391,24.59345]]]}},{"type":"Feature","id":800639107,"properties":{"k":"building","id":800639107,"h":21.6,"cat":"教学","name":"3号楼"},"geometry":{"type":"Polygon","coordinates":[[[118.09064,24.593461],[118.090709,24.59346],[118.091193,24.593455],[118.09117,24.593275],[118.09064,24.593268],[118.09064,24.59331],[118.090641,24.593456],[118.09064,24.593461]]]}},{"type":"Feature","id":800639108,"properties":{"k":"building","id":800639108,"h":18,"cat":"教学","name":"10号楼"},"geometry":{"type":"Polygon","coordinates":[[[118.089778,24.593559],[118.089778,24.593475],[118.089789,24.593344],[118.089947,24.593338],[118.089944,24.593397],[118.090461,24.593387],[118.090473,24.593313],[118.09064,24.59331],[118.090643,24.593545],[118.090607,24.593546],[118.089778,24.593559]]]}},{"type":"Feature","id":800639109,"properties":{"k":"building","id":800639109,"h":18,"cat":"教学","name":"11号楼"},"geometry":{"type":"Polygon","coordinates":[[[118.089014,24.593479],[118.089115,24.593479],[118.089161,24.593478],[118.089191,24.593478],[118.08947,24.593477],[118.089716,24.593475],[118.089778,24.593475],[118.089791,24.593299],[118.089021,24.593282],[118.089014,24.593479]]]}},{"type":"Feature","id":800639110,"properties":{"k":"building","id":800639110,"h":18,"cat":"教学","name":"12号楼"},"geometry":{"type":"Polygon","coordinates":[[[118.089534,24.593664],[118.08959,24.593649],[118.089707,24.593652],[118.089716,24.593475],[118.08947,24.593477],[118.089425,24.593526],[118.089425,24.593586],[118.089459,24.593633],[118.089534,24.593664]]]}},{"type":"Feature","id":800639111,"properties":{"k":"building","id":800639111,"h":18,"cat":"教学","name":"13号楼"},"geometry":{"type":"Polygon","coordinates":[[[118.089019,24.593853],[118.08913,24.593852],[118.08919,24.593852],[118.089727,24.593849],[118.08979,24.593849],[118.089841,24.593849],[118.08985,24.593664],[118.089724,24.593662],[118.089197,24.593656],[118.089118,24.593655],[118.089019,24.593654],[118.089019,24.593853]]]}},{"type":"Feature","id":800639112,"properties":{"k":"building","id":800639112,"h":18,"cat":"教学","name":"14号楼"},"geometry":{"type":"Polygon","coordinates":[[[118.089021,24.594191],[118.089856,24.594191],[118.089861,24.594023],[118.089793,24.594022],[118.089778,24.594022],[118.089731,24.594021],[118.089187,24.594015],[118.089159,24.594014],[118.089129,24.594014],[118.089024,24.594013],[118.089021,24.594191]]]}},{"type":"Feature","properties":{"k":"green"},"geometry":{"type":"Polygon","coordinates":[[[118.086035,24.579822],[118.085663,24.577048],[118.085823,24.576911],[118.087817,24.576916],[118.088119,24.576915],[118.088339,24.577173],[118.088354,24.577241],[118.08839,24.577627],[118.0884,24.577733],[118.087978,24.577872],[118.087442,24.578047],[118.086651,24.578749],[118.086306,24.579672],[118.086293,24.5798],[118.086035,24.579822]]]}},{"type":"Feature","properties":{"k":"road"},"geometry":{"type":"LineString","coordinates":[[118.087917,24.588026],[118.087929,24.588162],[118.087988,24.588834],[118.088101,24.588925],[118.088034,24.589054],[118.08815,24.589953],[118.088206,24.590724],[118.088356,24.591612],[118.08845,24.591883],[118.088656,24.59311],[118.088772,24.593228],[118.08879,24.594247],[118.088789,24.594593],[118.088775,24.595167],[118.08925,24.595203],[118.089894,24.595254],[118.089907,24.595247],[118.09017,24.595098],[118.09026,24.594922],[118.090539,24.59472],[118.090588,24.594782],[118.090768,24.595036]]}},{"type":"Feature","properties":{"k":"green"},"geometry":{"type":"Polygon","coordinates":[[[118.088867,24.595801],[118.088806,24.595769],[118.088809,24.595225],[118.088913,24.595212],[118.089116,24.595212],[118.089208,24.595296],[118.08917,24.595656],[118.088867,24.595801]]]}},{"type":"Feature","properties":{"k":"water"},"geometry":{"type":"Polygon","coordinates":[[[118.08964,24.592345],[118.089679,24.59238],[118.08969,24.59196],[118.089695,24.591686],[118.089702,24.591464],[118.089761,24.591367],[118.089794,24.591312],[118.089812,24.590987],[118.089702,24.590985],[118.089646,24.591041],[118.08964,24.592345]]]}},{"type":"Feature","id":800639121,"properties":{"k":"building","id":800639121,"h":7.2,"cat":"食堂","name":"诚毅食堂"},"geometry":{"type":"Polygon","coordinates":[[[118.089727,24.590754],[118.089786,24.590754],[118.090138,24.590758],[118.090145,24.590816],[118.090434,24.590812],[118.090437,24.590747],[118.090506,24.59074],[118.090511,24.590694],[118.090476,24.590694],[118.090478,24.59067],[118.090444,24.590673],[118.090446,24.590623],[118.090583,24.590626],[118.090668,24.590627],[118.090671,24.590555],[118.090735,24.590553],[118.090741,24.590446],[118.090873,24.590436],[118.090882,24.590322],[118.090791,24.590321],[118.090798,24.590196],[118.090738,24.590193],[118.090735,24.590241],[118.09054,24.590241],[118.090162,24.590241],[118.090164,24.590167],[118.089914,24.590163],[118.089917,24.590253],[118.089918,24.59029],[118.08992,24.590345],[118.089908,24.590471],[118.08986,24.59047],[118.089648,24.590466],[118.089646,24.590496],[118.089612,24.590534],[118.089648,24.590564],[118.089643,24.590684],[118.089727,24.590688],[118.089727,24.590754]]]}},{"type":"Feature","id":800639122,"properties":{"k":"building","id":800639122,"h":10.8,"cat":"生活","name":"玻璃房"},"geometry":{"type":"Polygon","coordinates":[[[118.089595,24.589297],[118.08961,24.589297],[118.089769,24.589301],[118.089893,24.589304],[118.090331,24.589314],[118.09035,24.589028],[118.089595,24.589007],[118.089595,24.589297]]]}},{"type":"Feature","id":800639123,"properties":{"k":"building","id":800639123,"h":21.6,"cat":"宿舍","name":"1号楼"},"geometry":{"type":"Polygon","coordinates":[[[118.089929,24.590042],[118.089944,24.589856],[118.090798,24.589849],[118.090798,24.590063],[118.089929,24.590042]]]}},{"type":"Feature","id":800639124,"properties":{"k":"building","id":800639124,"h":21.6,"cat":"宿舍","name":"6号楼"},"geometry":{"type":"Polygon","coordinates":[[[118.09087,24.590091],[118.090885,24.589897],[118.091246,24.589891],[118.091216,24.590098],[118.09087,24.590091]]]}},{"type":"Feature","id":800639125,"properties":{"k":"building","id":800639125,"h":21.6,"cat":"宿舍","name":"2号楼"},"geometry":{"type":"Polygon","coordinates":[[[118.090259,24.58967],[118.090274,24.589518],[118.090604,24.589473],[118.090806,24.589538],[118.090791,24.589694],[118.090259,24.58967]]]}},{"type":"Feature","id":800639126,"properties":{"k":"building","id":800639126,"h":21.6,"cat":"宿舍","name":"7号楼"},"geometry":{"type":"Polygon","coordinates":[[[118.091083,24.589701],[118.091079,24.589507],[118.091664,24.589494],[118.091599,24.589694],[118.091083,24.589701]]]}},{"type":"Feature","id":800639127,"properties":{"k":"building","id":800639127,"h":21.6,"cat":"宿舍","name":"3号楼"},"geometry":{"type":"Polygon","coordinates":[[[118.090578,24.589318],[118.091003,24.589286],[118.091018,24.589083],[118.090595,24.589122],[118.090578,24.589318]]]}},{"type":"Feature","id":800639128,"properties":{"k":"building","id":800639128,"h":21.6,"cat":"宿舍","name":"8号楼"},"geometry":{"type":"Polygon","coordinates":[[[118.091075,24.589387],[118.091075,24.589176],[118.092043,24.589117],[118.091982,24.589324],[118.091075,24.589387]]]}},{"type":"Feature","id":800639129,"properties":{"k":"building","id":800639129,"h":21.6,"cat":"宿舍","name":"4号楼"},"geometry":{"type":"Polygon","coordinates":[[[118.090939,24.588927],[118.090958,24.588738],[118.091679,24.588717],[118.091686,24.588921],[118.090939,24.588927]]]}},{"type":"Feature","id":800639130,"properties":{"k":"building","id":800639130,"h":21.6,"cat":"宿舍","name":"9号楼"},"geometry":{"type":"Polygon","coordinates":[[[118.091747,24.588976],[118.091755,24.58872],[118.092263,24.58872],[118.092294,24.588965],[118.091747,24.588976]]]}},{"type":"Feature","id":800639131,"properties":{"k":"building","id":800639131,"h":21.6,"cat":"宿舍","name":"5号楼"},"geometry":{"type":"Polygon","coordinates":[[[118.091261,24.588572],[118.091307,24.588396],[118.09185,24.588354],[118.09185,24.588568],[118.091261,24.588572]]]}},{"type":"Feature","id":800639132,"properties":{"k":"building","id":800639132,"h":21.6,"cat":"宿舍","name":"10号楼"},"geometry":{"type":"Polygon","coordinates":[[[118.091929,24.588579],[118.091937,24.588379],[118.092658,24.588348],[118.092658,24.588596],[118.091929,24.588579]]]}},{"type":"Feature","id":800639133,"properties":{"k":"building","id":800639133,"h":21.6,"cat":"宿舍","name":"11号楼"},"geometry":{"type":"Polygon","coordinates":[[[118.092266,24.588273],[118.092267,24.588183],[118.092373,24.588184],[118.092373,24.588107],[118.092461,24.588108],[118.092461,24.588071],[118.092599,24.588072],[118.092598,24.588105],[118.092836,24.588108],[118.092835,24.588166],[118.092885,24.588167],[118.092885,24.588133],[118.092959,24.588134],[118.092957,24.588295],[118.092723,24.588293],[118.092724,24.58821],[118.092518,24.588208],[118.092517,24.588275],[118.092266,24.588273]]]}},{"type":"Feature","id":800639134,"properties":{"k":"building","id":800639134,"h":21.6,"cat":"宿舍","name":"12号楼"},"geometry":{"type":"Polygon","coordinates":[[[118.09282,24.587995],[118.09282,24.587899],[118.093013,24.587899],[118.093013,24.5878],[118.093178,24.587799],[118.093178,24.587718],[118.093346,24.587718],[118.093346,24.587826],[118.093286,24.587826],[118.093286,24.587909],[118.09309,24.587909],[118.09309,24.587995],[118.09282,24.587995]]]}},{"type":"Feature","id":800639135,"properties":{"k":"building","id":800639135,"h":21.6,"cat":"宿舍","name":"13号楼"},"geometry":{"type":"Polygon","coordinates":[[[118.093467,24.58775],[118.093467,24.587646],[118.093575,24.587646],[118.093575,24.587581],[118.093658,24.587581],[118.093658,24.587543],[118.093825,24.587543],[118.093825,24.587471],[118.093987,24.58747],[118.093987,24.587391],[118.094198,24.587391],[118.094198,24.587493],[118.09407,24.587494],[118.09407,24.587568],[118.094023,24.587565],[118.094024,24.58766],[118.093646,24.587662],[118.093643,24.58775],[118.093467,24.58775]]]}},{"type":"Feature","id":800639136,"properties":{"k":"building","id":800639136,"h":21.6,"cat":"宿舍","name":"集友楼1号"},"geometry":{"type":"Polygon","coordinates":[[[118.093626,24.587107],[118.093516,24.586808],[118.093873,24.586701],[118.093982,24.587],[118.093626,24.587107]]]}},{"type":"Feature","id":800639137,"properties":{"k":"building","id":800639137,"h":21.6,"cat":"宿舍","name":"集友楼2号"},"geometry":{"type":"Polygon","coordinates":[[[118.0941,24.586873],[118.093991,24.586584],[118.094345,24.586474],[118.094454,24.586763],[118.094327,24.586802],[118.094306,24.586809],[118.0941,24.586873]]]}},{"type":"Feature","id":800639138,"properties":{"k":"building","id":800639138,"h":21.6,"cat":"宿舍","name":"集友楼3号"},"geometry":{"type":"Polygon","coordinates":[[[118.094572,24.586698],[118.094464,24.586403],[118.094823,24.586295],[118.09493,24.58659],[118.094572,24.586698]]]}},{"type":"Feature","id":800639139,"properties":{"k":"building","id":800639139,"h":21.6,"cat":"宿舍","name":"集友楼4号"},"geometry":{"type":"Polygon","coordinates":[[[118.093579,24.586171],[118.093471,24.585888],[118.093831,24.585775],[118.093939,24.586057],[118.093579,24.586171]]]}},{"type":"Feature","id":800639140,"properties":{"k":"building","id":800639140,"h":21.6,"cat":"宿舍","name":"集友楼5号"},"geometry":{"type":"Polygon","coordinates":[[[118.094063,24.586024],[118.093959,24.585739],[118.094318,24.58563],[118.094422,24.585915],[118.094063,24.586024]]]}},{"type":"Feature","properties":{"k":"green"},"geometry":{"type":"Polygon","coordinates":[[[118.087567,24.578152],[118.088003,24.577951],[118.088485,24.577868],[118.088558,24.5786],[118.088569,24.579328],[118.087828,24.579404],[118.087676,24.579289],[118.087567,24.578152]]]}},{"type":"Feature","properties":{"k":"pitch"},"geometry":{"type":"Polygon","coordinates":[[[118.092903,24.583653],[118.092826,24.583409],[118.092694,24.583443],[118.092772,24.583687],[118.092903,24.583653]]]}},{"type":"Feature","properties":{"k":"pitch"},"geometry":{"type":"Polygon","coordinates":[[[118.093055,24.583612],[118.092977,24.583368],[118.092846,24.583402],[118.092923,24.583646],[118.093055,24.583612]]]}},{"type":"Feature","properties":{"k":"pitch"},"geometry":{"type":"Polygon","coordinates":[[[118.093214,24.583573],[118.093137,24.583329],[118.093006,24.583363],[118.093083,24.583607],[118.093214,24.583573]]]}},{"type":"Feature","properties":{"k":"pitch"},"geometry":{"type":"Polygon","coordinates":[[[118.095644,24.585101],[118.095809,24.58509],[118.095829,24.585349],[118.095665,24.58536],[118.095644,24.585101]]]}},{"type":"Feature","properties":{"k":"pitch"},"geometry":{"type":"Polygon","coordinates":[[[118.095466,24.585112],[118.095631,24.585102],[118.095651,24.585361],[118.095487,24.585371],[118.095466,24.585112]]]}},{"type":"Feature","properties":{"k":"pitch"},"geometry":{"type":"Polygon","coordinates":[[[118.099664,24.585269],[118.099638,24.584963],[118.099436,24.584978],[118.099462,24.585283],[118.099664,24.585269]]]}},{"type":"Feature","properties":{"k":"pitch"},"geometry":{"type":"Polygon","coordinates":[[[118.099913,24.585249],[118.099887,24.584943],[118.099686,24.584957],[118.099712,24.585263],[118.099913,24.585249]]]}},{"type":"Feature","properties":{"k":"pitch"},"geometry":{"type":"Polygon","coordinates":[[[118.100135,24.585231],[118.100109,24.584925],[118.099907,24.584939],[118.099933,24.585245],[118.100135,24.585231]]]}},{"type":"Feature","properties":{"k":"pitch"},"geometry":{"type":"Polygon","coordinates":[[[118.089148,24.569829],[118.089338,24.569645],[118.089438,24.56973],[118.089248,24.569914],[118.089148,24.569829]]]}},{"type":"Feature","properties":{"k":"pitch"},"geometry":{"type":"Polygon","coordinates":[[[118.089039,24.569734],[118.08923,24.56955],[118.089329,24.569636],[118.089139,24.56982],[118.089039,24.569734]]]}},{"type":"Feature","properties":{"k":"pitch"},"geometry":{"type":"Polygon","coordinates":[[[118.097187,24.573257],[118.097037,24.573256],[118.097036,24.57349],[118.097185,24.57349],[118.097187,24.573257]]]}},{"type":"Feature","properties":{"k":"pitch"},"geometry":{"type":"Polygon","coordinates":[[[118.097354,24.573255],[118.097205,24.573254],[118.097203,24.573488],[118.097352,24.573488],[118.097354,24.573255]]]}},{"type":"Feature","properties":{"k":"pitch"},"geometry":{"type":"Polygon","coordinates":[[[118.092725,24.570235],[118.092579,24.570245],[118.092599,24.570495],[118.092745,24.570485],[118.092725,24.570235]]]}},{"type":"Feature","properties":{"k":"road"},"geometry":{"type":"LineString","coordinates":[[118.092324,24.583411],[118.092631,24.58429]]}},{"type":"Feature","properties":{"k":"road"},"geometry":{"type":"LineString","coordinates":[[118.089883,24.577405],[118.089752,24.577427]]}},{"type":"Feature","properties":{"k":"road"},"geometry":{"type":"LineString","coordinates":[[118.090695,24.578378],[118.09037,24.577463],[118.090296,24.577329],[118.090212,24.577266],[118.090107,24.577263],[118.090043,24.577296],[118.090003,24.577367],[118.089956,24.577395],[118.089883,24.577405]]}},{"type":"Feature","properties":{"k":"road"},"geometry":{"type":"LineString","coordinates":[[118.089761,24.576816],[118.089758,24.576909],[118.089756,24.57695],[118.089767,24.57698],[118.0898,24.577024],[118.089832,24.5771],[118.089883,24.577405]]}},{"type":"Feature","properties":{"k":"road"},"geometry":{"type":"LineString","coordinates":[[118.093892,24.586511],[118.094352,24.586293]]}},{"type":"Feature","properties":{"k":"road"},"geometry":{"type":"LineString","coordinates":[[118.094085,24.586982],[118.093892,24.586511],[118.093322,24.586708]]}},{"type":"Feature","properties":{"k":"road"},"geometry":{"type":"LineString","coordinates":[[118.093443,24.587212],[118.093322,24.586708],[118.093253,24.58634],[118.093217,24.586299],[118.093153,24.586279],[118.09288,24.586364]]}},{"type":"Feature","properties":{"k":"road"},"geometry":{"type":"LineString","coordinates":[[118.089427,24.586952],[118.089835,24.586927],[118.089979,24.586913],[118.090141,24.586897],[118.090235,24.586888],[118.090687,24.586843],[118.090911,24.586821],[118.091044,24.586808],[118.091293,24.586784],[118.09164,24.58675],[118.092444,24.586604],[118.092553,24.586554],[118.09288,24.586364]]}},{"type":"Feature","properties":{"k":"road"},"geometry":{"type":"LineString","coordinates":[[118.091167,24.579227],[118.090798,24.579269]]}},{"type":"Feature","properties":{"k":"road"},"geometry":{"type":"LineString","coordinates":[[118.089692,24.58363],[118.090791,24.583528]]}},{"type":"Feature","properties":{"k":"road"},"geometry":{"type":"LineString","coordinates":[[118.090671,24.582055],[118.090791,24.583528],[118.090802,24.583889],[118.090815,24.584304],[118.090842,24.584979],[118.090872,24.585729]]}},{"type":"Feature","properties":{"k":"road"},"geometry":{"type":"LineString","coordinates":[[118.091192,24.581594],[118.091332,24.581704],[118.09205,24.581638],[118.092089,24.581598],[118.092054,24.581198],[118.091999,24.581122],[118.091526,24.581166],[118.091436,24.58115]]}},{"type":"Feature","properties":{"k":"road"},"geometry":{"type":"LineString","coordinates":[[118.086594,24.581159],[118.087743,24.581068],[118.087814,24.581635],[118.087883,24.582296],[118.08789,24.582355]]}},{"type":"Feature","properties":{"k":"road"},"geometry":{"type":"LineString","coordinates":[[118.088817,24.581567],[118.087814,24.581635]]}},{"type":"Feature","properties":{"k":"road"},"geometry":{"type":"LineString","coordinates":[[118.087515,24.580087],[118.087544,24.579861],[118.087519,24.579634],[118.087617,24.579623],[118.087689,24.579589],[118.087742,24.579521],[118.087756,24.579443]]}},{"type":"Feature","properties":{"k":"road"},"geometry":{"type":"LineString","coordinates":[[118.086397,24.580193],[118.087515,24.580087],[118.087975,24.580051]]}},{"type":"Feature","properties":{"k":"road"},"geometry":{"type":"LineString","coordinates":[[118.088609,24.579351],[118.087756,24.579443]]}},{"type":"Feature","properties":{"k":"road"},"geometry":{"type":"LineString","coordinates":[[118.087452,24.578866],[118.087428,24.578591]]}},{"type":"Feature","properties":{"k":"road"},"geometry":{"type":"LineString","coordinates":[[118.087579,24.578866],[118.087452,24.578866],[118.087256,24.57888],[118.087229,24.578605],[118.087428,24.578591],[118.087549,24.578585]]}},{"type":"Feature","properties":{"k":"road"},"geometry":{"type":"LineString","coordinates":[[118.0875,24.578115],[118.087549,24.578585],[118.087579,24.578866],[118.087627,24.579313],[118.087721,24.579367],[118.087756,24.579443]]}},{"type":"Feature","properties":{"k":"road"},"geometry":{"type":"LineString","coordinates":[[118.086859,24.582432],[118.087128,24.583764],[118.087331,24.584793],[118.087461,24.585105],[118.087644,24.585354],[118.087889,24.585564],[118.088088,24.5857],[118.088352,24.585803],[118.08837,24.585806],[118.08864,24.585861],[118.088862,24.585861],[118.088996,24.585866],[118.089417,24.585838],[118.089515,24.585832],[118.0899,24.585802],[118.090007,24.585794],[118.090872,24.585729],[118.091533,24.585697],[118.092374,24.585656],[118.092497,24.585676],[118.092589,24.585778],[118.09288,24.586364]]}},{"type":"Feature","properties":{"k":"road"},"geometry":{"type":"LineString","coordinates":[[118.086859,24.582432],[118.08789,24.582355],[118.088649,24.582296]]}},{"type":"Feature","properties":{"k":"path"},"geometry":{"type":"LineString","coordinates":[[118.088468,24.577758],[118.088419,24.577325],[118.088493,24.577313],[118.088632,24.57729],[118.088682,24.577733],[118.088539,24.577749],[118.088468,24.577758]]}},{"type":"Feature","properties":{"k":"path"},"geometry":{"type":"LineString","coordinates":[[118.090837,24.580682],[118.090787,24.580011],[118.090935,24.58008],[118.091329,24.58004],[118.091362,24.580399],[118.091009,24.580426],[118.090962,24.580468],[118.090976,24.580647],[118.091056,24.580692],[118.091352,24.580668],[118.091353,24.58072],[118.090952,24.580713],[118.090886,24.580697],[118.090837,24.580682]]}},{"type":"Feature","properties":{"k":"path"},"geometry":{"type":"LineString","coordinates":[[118.089983,24.582552],[118.089754,24.582353],[118.090011,24.582313],[118.089994,24.582224],[118.090284,24.582189],[118.090295,24.582289],[118.09058,24.582259],[118.090377,24.582527],[118.089983,24.582552]]}},{"type":"Feature","properties":{"k":"path"},"geometry":{"type":"LineString","coordinates":[[118.088851,24.5838],[118.088837,24.583662],[118.089032,24.583646],[118.089026,24.583593],[118.089418,24.58356],[118.089424,24.583616],[118.08963,24.583599],[118.089643,24.583734],[118.088851,24.5838]]}},{"type":"Feature","id":1055572679,"properties":{"k":"building","id":1055572679,"h":14.4,"cat":"教学","name":"美术馆"},"geometry":{"type":"Polygon","coordinates":[[[118.091871,24.572448],[118.091737,24.572462],[118.091749,24.572561],[118.092118,24.572524],[118.092105,24.572424],[118.091961,24.572439],[118.091951,24.572354],[118.092095,24.572339],[118.092083,24.572248],[118.091715,24.572286],[118.091727,24.572377],[118.091861,24.572363],[118.091871,24.572448]]]}},{"type":"Feature","id":1069484991,"properties":{"k":"building","id":1069484991,"h":7.2,"cat":"食堂","name":"西苑餐厅"},"geometry":{"type":"Polygon","coordinates":[[[118.090137,24.585542],[118.090738,24.585521],[118.090734,24.585441],[118.090697,24.585442],[118.090692,24.585322],[118.09077,24.58532],[118.090767,24.585247],[118.090515,24.585256],[118.090516,24.585263],[118.090126,24.585276],[118.090136,24.58552],[118.090137,24.585542]]]}},{"type":"Feature","id":1069484993,"properties":{"k":"building","id":1069484993,"h":14.4,"cat":"教学"},"geometry":{"type":"Polygon","coordinates":[[[118.08849,24.583398],[118.088642,24.583383],[118.088627,24.583265],[118.088476,24.58328],[118.08849,24.583398]]]}},{"type":"Feature","id":1069484994,"properties":{"k":"building","id":1069484994,"h":18,"cat":"教学","name":"克立楼"},"geometry":{"type":"Polygon","coordinates":[[[118.088126,24.58301],[118.088099,24.582787],[118.08836,24.582761],[118.088407,24.582757],[118.088395,24.582661],[118.088087,24.582692],[118.087962,24.582704],[118.08801,24.583106],[118.087881,24.583119],[118.087921,24.583455],[118.08849,24.583398],[118.088476,24.58328],[118.08845,24.583062],[118.088444,24.583063],[118.088397,24.583067],[118.088387,24.582984],[118.088126,24.58301]]]}},{"type":"Feature","id":1069484995,"properties":{"k":"building","id":1069484995,"h":14.4,"cat":"教学"},"geometry":{"type":"Polygon","coordinates":[[[118.088407,24.582757],[118.08836,24.582761],[118.088387,24.582984],[118.088397,24.583067],[118.088444,24.583063],[118.088407,24.582757]]]}},{"type":"Feature","id":1069484996,"properties":{"k":"building","id":1069484996,"h":14.4,"cat":"教学"},"geometry":{"type":"Polygon","coordinates":[[[118.092071,24.585503],[118.092486,24.585493],[118.092478,24.585223],[118.092063,24.585233],[118.092071,24.585503]]]}},{"type":"Feature","id":1069484997,"properties":{"k":"building","id":1069484997,"h":14.4,"cat":"教学"},"geometry":{"type":"Polygon","coordinates":[[[118.091651,24.585265],[118.091656,24.585438],[118.09198,24.585431],[118.091975,24.585257],[118.091651,24.585265]]]}},{"type":"Feature","id":1069484998,"properties":{"k":"building","id":1069484998,"h":21.6,"cat":"宿舍","name":"留学生公寓"},"geometry":{"type":"Polygon","coordinates":[[[118.090998,24.585381],[118.091169,24.585365],[118.091143,24.585146],[118.090972,24.585163],[118.090998,24.585381]]]}},{"type":"Feature","id":1069484999,"properties":{"k":"building","id":1069484999,"h":14.4,"cat":"教学"},"geometry":{"type":"Polygon","coordinates":[[[118.090965,24.585553],[118.091411,24.585509],[118.091391,24.585343],[118.091169,24.585365],[118.090998,24.585381],[118.090946,24.585386],[118.090965,24.585553]]]}},{"type":"Feature","id":1069485000,"properties":{"k":"building","id":1069485000,"h":21.6,"cat":"宿舍"},"geometry":{"type":"Polygon","coordinates":[[[118.090955,24.585165],[118.090972,24.585163],[118.091143,24.585146],[118.091361,24.585125],[118.09135,24.585027],[118.090943,24.585067],[118.090955,24.585165]]]}},{"type":"Feature","id":1069485001,"properties":{"k":"building","id":1069485001,"h":10.8,"cat":"运动","name":"光前体育馆"},"geometry":{"type":"Polygon","coordinates":[[[118.089033,24.585396],[118.089141,24.585387],[118.089154,24.585517],[118.089666,24.585473],[118.089652,24.585343],[118.089783,24.585332],[118.089696,24.584491],[118.088945,24.584555],[118.089033,24.585396]]]}},{"type":"Feature","id":1069485002,"properties":{"k":"building","id":1069485002,"h":18,"cat":"教学","name":"中山纪念楼"},"geometry":{"type":"Polygon","coordinates":[[[118.088985,24.583887],[118.089027,24.584294],[118.089563,24.584248],[118.08952,24.58384],[118.088985,24.583887]]]}},{"type":"Feature","id":1072488121,"properties":{"k":"building","id":1072488121,"h":21.6,"cat":"宿舍"},"geometry":{"type":"Polygon","coordinates":[[[118.092841,24.570847],[118.09284,24.570869],[118.092926,24.570871],[118.092931,24.570707],[118.092845,24.570705],[118.092844,24.570723],[118.092795,24.570722],[118.092791,24.570846],[118.092841,24.570847]]]}},{"type":"Feature","id":1072488122,"properties":{"k":"building","id":1072488122,"h":21.6,"cat":"宿舍"},"geometry":{"type":"Polygon","coordinates":[[[118.092506,24.570697],[118.092845,24.570705],[118.092931,24.570707],[118.092933,24.570619],[118.092508,24.57061],[118.092506,24.570697]]]}},{"type":"Feature","id":1072488123,"properties":{"k":"building","id":1072488123,"h":21.6,"cat":"宿舍"},"geometry":{"type":"Polygon","coordinates":[[[118.09247,24.570963],[118.093074,24.570977],[118.093077,24.570875],[118.092926,24.570871],[118.09284,24.570869],[118.092617,24.570864],[118.092618,24.570834],[118.092561,24.570833],[118.09256,24.570863],[118.092473,24.570861],[118.09247,24.570963]]]}},{"type":"Feature","id":1072488124,"properties":{"k":"building","id":1072488124,"h":18,"cat":"教学"},"geometry":{"type":"Polygon","coordinates":[[[118.089019,24.570858],[118.088975,24.570812],[118.088912,24.570862],[118.088862,24.570811],[118.088803,24.570859],[118.088898,24.570956],[118.089019,24.570858]]]}},{"type":"Feature","id":1072488125,"properties":{"k":"building","id":1072488125,"h":14.4,"cat":"教学"},"geometry":{"type":"Polygon","coordinates":[[[118.088631,24.570816],[118.088732,24.57074],[118.088434,24.570415],[118.088333,24.570491],[118.088631,24.570816]]]}},{"type":"Feature","id":1072488226,"properties":{"k":"building","id":1072488226,"h":21.6,"cat":"宿舍","name":"福东楼"},"geometry":{"type":"Polygon","coordinates":[[[118.09084,24.570228],[118.090955,24.57033],[118.090932,24.570352],[118.09096,24.570377],[118.090983,24.570355],[118.091123,24.570479],[118.091095,24.570505],[118.091118,24.570526],[118.091146,24.5705],[118.091263,24.570603],[118.091235,24.570629],[118.091266,24.570657],[118.091294,24.570631],[118.091349,24.570679],[118.091421,24.570613],[118.091259,24.57047],[118.091268,24.570462],[118.091231,24.570429],[118.091222,24.570437],[118.09119,24.570409],[118.0912,24.570401],[118.091164,24.570369],[118.091155,24.570378],[118.090971,24.570215],[118.090978,24.570208],[118.090857,24.570101],[118.09085,24.570107],[118.090835,24.570094],[118.090763,24.57016],[118.090819,24.570209],[118.090791,24.570236],[118.090812,24.570255],[118.09084,24.570228]]]}},{"type":"Feature","id":1072488227,"properties":{"k":"building","id":1072488227,"h":18,"cat":"教学"},"geometry":{"type":"Polygon","coordinates":[[[118.091197,24.570846],[118.091266,24.57078],[118.09067,24.570261],[118.0906,24.570327],[118.091197,24.570846]]]}},{"type":"Feature","id":1072488229,"properties":{"k":"building","id":1072488229,"h":18,"cat":"教学"},"geometry":{"type":"Polygon","coordinates":[[[118.089372,24.571418],[118.089442,24.571349],[118.089138,24.571093],[118.089068,24.571163],[118.089372,24.571418]]]}},{"type":"Feature","id":1072488230,"properties":{"k":"building","id":1072488230,"h":18,"cat":"教学"},"geometry":{"type":"Polygon","coordinates":[[[118.089654,24.571699],[118.089744,24.57161],[118.089487,24.571394],[118.089397,24.571483],[118.089464,24.571539],[118.089475,24.571529],[118.089612,24.571644],[118.089602,24.571655],[118.089654,24.571699]]]}},{"type":"Feature","id":1072488231,"properties":{"k":"building","id":1072488231,"h":14.4,"cat":"教学"},"geometry":{"type":"Polygon","coordinates":[[[118.089954,24.57227],[118.090133,24.572199],[118.089929,24.571774],[118.08975,24.571844],[118.089954,24.57227]]]}},{"type":"Feature","id":1072488235,"properties":{"k":"building","id":1072488235,"h":14.4,"cat":"教学"},"geometry":{"type":"Polygon","coordinates":[[[118.090978,24.572066],[118.090927,24.572086],[118.090958,24.572153],[118.090967,24.572318],[118.091026,24.572343],[118.091016,24.572146],[118.090978,24.572066]]]}},{"type":"Feature","id":1072488236,"properties":{"k":"building","id":1072488236,"h":14.4,"cat":"教学"},"geometry":{"type":"Polygon","coordinates":[[[118.090661,24.57219],[118.090927,24.572086],[118.090978,24.572066],[118.09093,24.571965],[118.090494,24.572136],[118.090542,24.572237],[118.091042,24.572446],[118.091082,24.572366],[118.091026,24.572343],[118.090967,24.572318],[118.090661,24.57219]]]}},{"type":"Feature","id":1072488237,"properties":{"k":"building","id":1072488237,"h":14.4,"cat":"教学"},"geometry":{"type":"Polygon","coordinates":[[[118.091263,24.571276],[118.091381,24.571171],[118.091299,24.571096],[118.091182,24.5712],[118.09098,24.571012],[118.090889,24.571093],[118.090908,24.57111],[118.090863,24.57115],[118.090927,24.57121],[118.090972,24.57117],[118.090939,24.571139],[118.090973,24.571108],[118.091171,24.571292],[118.091097,24.571358],[118.091346,24.57159],[118.09142,24.571524],[118.091405,24.571509],[118.091461,24.571459],[118.091263,24.571276]]]}},{"type":"Feature","id":1072488238,"properties":{"k":"building","id":1072488238,"h":14.4,"cat":"教学"},"geometry":{"type":"Polygon","coordinates":[[[118.090952,24.57156],[118.091084,24.571443],[118.090889,24.571261],[118.090784,24.571355],[118.090758,24.57133],[118.090601,24.57147],[118.090814,24.571668],[118.090825,24.571658],[118.090847,24.571678],[118.090898,24.571632],[118.090983,24.571711],[118.09105,24.571651],[118.090952,24.57156]]]}},{"type":"Feature","properties":{"k":"pitch"},"geometry":{"type":"Polygon","coordinates":[[[118.090048,24.570988],[118.090514,24.570556],[118.089785,24.569905],[118.089319,24.570337],[118.090048,24.570988]]]}},{"type":"Feature","properties":{"k":"pitch"},"geometry":{"type":"Polygon","coordinates":[[[118.090194,24.57126],[118.089093,24.570344],[118.0889,24.569888],[118.088928,24.569765],[118.089045,24.569499],[118.089429,24.569576],[118.089732,24.569753],[118.091012,24.570894],[118.09041,24.571453],[118.090194,24.57126]]]}},{"type":"Feature","properties":{"k":"pitch"},"geometry":{"type":"Polygon","coordinates":[[[118.090704,24.571046],[118.090608,24.570965],[118.090785,24.570791],[118.090881,24.570873],[118.090704,24.571046]]]}},{"type":"Feature","properties":{"k":"pitch"},"geometry":{"type":"Polygon","coordinates":[[[118.090407,24.571401],[118.090311,24.57132],[118.090488,24.571146],[118.090584,24.571228],[118.090407,24.571401]]]}},{"type":"Feature","id":1072488247,"properties":{"k":"building","id":1072488247,"h":14.4,"cat":"教学"},"geometry":{"type":"Polygon","coordinates":[[[118.090412,24.571904],[118.090227,24.571973],[118.09028,24.57209],[118.090843,24.57188],[118.09079,24.571762],[118.090593,24.571836],[118.090585,24.571819],[118.090405,24.571886],[118.090412,24.571904]]]}},{"type":"Feature","id":1072488248,"properties":{"k":"building","id":1072488248,"h":18,"cat":"教学"},"geometry":{"type":"Polygon","coordinates":[[[118.090232,24.571607],[118.090242,24.571594],[118.090188,24.571558],[118.090178,24.571571],[118.090017,24.571463],[118.089943,24.571555],[118.090308,24.571798],[118.090382,24.571706],[118.090232,24.571607]]]}},{"type":"Feature","id":1072488249,"properties":{"k":"building","id":1072488249,"h":18,"cat":"教学"},"geometry":{"type":"Polygon","coordinates":[[[118.089669,24.571184],[118.089676,24.571167],[118.089677,24.571148],[118.089671,24.57113],[118.08966,24.571115],[118.089643,24.571103],[118.089622,24.571097],[118.0896,24.571098],[118.08958,24.571105],[118.089366,24.570915],[118.089284,24.570991],[118.089799,24.57145],[118.089882,24.571374],[118.089669,24.571184]]]}},{"type":"Feature","id":1072488250,"properties":{"k":"building","id":1072488250,"h":18,"cat":"教学","name":"允恭楼"},"geometry":{"type":"Polygon","coordinates":[[[118.088851,24.570596],[118.089161,24.570938],[118.089281,24.570848],[118.08897,24.570506],[118.088851,24.570596]]]}},{"type":"Feature","id":1072488251,"properties":{"k":"building","id":1072488251,"h":18,"cat":"教学","name":"崇俭楼"},"geometry":{"type":"Polygon","coordinates":[[[118.088822,24.570541],[118.088957,24.570474],[118.088696,24.570045],[118.088562,24.570113],[118.088822,24.570541]]]}},{"type":"Feature","id":1072488252,"properties":{"k":"building","id":1072488252,"h":18,"cat":"教学","name":"克让楼"},"geometry":{"type":"Polygon","coordinates":[[[118.088619,24.569846],[118.088469,24.569897],[118.088322,24.569614],[118.088222,24.569658],[118.088388,24.569977],[118.088403,24.569989],[118.088421,24.569997],[118.088441,24.570001],[118.088462,24.570002],[118.088678,24.569926],[118.088689,24.569915],[118.088699,24.569902],[118.08871,24.569876],[118.08872,24.56972],[118.088627,24.569715],[118.088619,24.569846]]]}},{"type":"Feature","id":1072488253,"properties":{"k":"building","id":1072488253,"h":18,"cat":"教学"},"geometry":{"type":"Polygon","coordinates":[[[118.08876,24.569431],[118.08875,24.569419],[118.088735,24.569409],[118.088716,24.569404],[118.088697,24.569404],[118.088678,24.569409],[118.088673,24.569423],[118.088135,24.56928],[118.088139,24.569265],[118.088128,24.56925],[118.088111,24.56924],[118.088094,24.569236],[118.088077,24.569238],[118.088062,24.569245],[118.088014,24.569391],[118.088092,24.569412],[118.088097,24.569397],[118.088635,24.569541],[118.08863,24.569556],[118.088713,24.569578],[118.08876,24.569431]]]}},{"type":"Feature","id":1072488257,"properties":{"k":"building","id":1072488257,"h":14.4,"cat":"教学"},"geometry":{"type":"Polygon","coordinates":[[[118.092176,24.572001],[118.092544,24.571963],[118.092531,24.571861],[118.092163,24.571898],[118.092176,24.572001]]]}},{"type":"Feature","id":1072488258,"properties":{"k":"building","id":1072488258,"h":14.4,"cat":"教学"},"geometry":{"type":"Polygon","coordinates":[[[118.092397,24.572372],[118.092447,24.572367],[118.092445,24.57235],[118.092546,24.572339],[118.09255,24.572373],[118.092626,24.572366],[118.092604,24.572182],[118.09219,24.572225],[118.092213,24.572408],[118.092303,24.572399],[118.092299,24.572365],[118.092395,24.572355],[118.092397,24.572372]]]}},{"type":"Feature","id":1072488272,"properties":{"k":"building","id":1072488272,"h":21.6,"cat":"宿舍"},"geometry":{"type":"Polygon","coordinates":[[[118.091143,24.569956],[118.091676,24.570062],[118.091699,24.569966],[118.091165,24.56986],[118.091143,24.569956]]]}},{"type":"Feature","id":1072488273,"properties":{"k":"building","id":1072488273,"h":14.4,"cat":"教学"},"geometry":{"type":"Polygon","coordinates":[[[118.092013,24.570131],[118.0922,24.570168],[118.092232,24.570038],[118.092044,24.570001],[118.092039,24.570021],[118.092013,24.570131]]]}},{"type":"Feature","id":1072488274,"properties":{"k":"building","id":1072488274,"h":21.6,"cat":"宿舍"},"geometry":{"type":"Polygon","coordinates":[[[118.09172,24.570073],[118.092013,24.570131],[118.092039,24.570021],[118.091746,24.569963],[118.09172,24.570073]]]}},{"type":"Feature","id":1072488275,"properties":{"k":"building","id":1072488275,"h":18,"cat":"教学"},"geometry":{"type":"Polygon","coordinates":[[[118.09115,24.569762],[118.092271,24.570008],[118.092299,24.569902],[118.091941,24.569824],[118.091937,24.569839],[118.091556,24.569756],[118.09156,24.569741],[118.091178,24.569657],[118.09115,24.569762]]]}},{"type":"Feature","id":1072488276,"properties":{"k":"building","id":1072488276,"h":14.4,"cat":"教学"},"geometry":{"type":"Polygon","coordinates":[[[118.091281,24.568749],[118.091596,24.568821],[118.091615,24.568752],[118.0913,24.56868],[118.091281,24.568749]]]}},{"type":"Feature","id":1072488278,"properties":{"k":"building","id":1072488278,"h":18,"cat":"教学"},"geometry":{"type":"Polygon","coordinates":[[[118.091187,24.569183],[118.091483,24.569241],[118.091516,24.569103],[118.091264,24.569054],[118.091187,24.569183]]]}},{"type":"Feature","id":1072488280,"properties":{"k":"building","id":1072488280,"h":18,"cat":"教学"},"geometry":{"type":"Polygon","coordinates":[[[118.091237,24.568937],[118.091027,24.56929],[118.091003,24.56933],[118.091077,24.569367],[118.091187,24.569183],[118.091264,24.569054],[118.091312,24.568974],[118.091237,24.568937]]]}},{"type":"Feature","id":1072488281,"properties":{"k":"building","id":1072488281,"h":18,"cat":"教学"},"geometry":{"type":"Polygon","coordinates":[[[118.09088,24.569217],[118.090907,24.56923],[118.091027,24.56929],[118.091237,24.568937],[118.091258,24.568902],[118.091111,24.56883],[118.09088,24.569217]]]}},{"type":"Feature","id":1072488282,"properties":{"k":"building","id":1072488282,"h":18,"cat":"教学"},"geometry":{"type":"Polygon","coordinates":[[[118.09079,24.569351],[118.09095,24.569027],[118.090851,24.568987],[118.090822,24.569046],[118.090795,24.569035],[118.090664,24.569299],[118.09079,24.569351]]]}},{"type":"Feature","id":1072488307,"properties":{"k":"building","id":1072488307,"h":14.4,"cat":"教学"},"geometry":{"type":"Polygon","coordinates":[[[118.092161,24.569639],[118.092279,24.569666],[118.092291,24.569625],[118.09224,24.569538],[118.092193,24.569527],[118.092161,24.569639]]]}},{"type":"Feature","id":1072488308,"properties":{"k":"building","id":1072488308,"h":18,"cat":"教学"},"geometry":{"type":"Polygon","coordinates":[[[118.091428,24.569467],[118.092161,24.569639],[118.092193,24.569527],[118.09221,24.569466],[118.091477,24.569294],[118.091428,24.569467]]]}},{"type":"Feature","properties":{"k":"path"},"geometry":{"type":"LineString","coordinates":[[118.091198,24.590132],[118.091514,24.589807],[118.091899,24.589411],[118.092287,24.589012],[118.092652,24.588637],[118.092952,24.588328],[118.093221,24.588052],[118.093441,24.587825],[118.093656,24.587775],[118.094047,24.587658],[118.094163,24.587583],[118.094241,24.587477],[118.094294,24.587384]]}},{"type":"Feature","properties":{"k":"road"},"geometry":{"type":"LineString","coordinates":[[118.093441,24.587825],[118.09342,24.587532]]}},{"type":"Feature","properties":{"k":"path"},"geometry":{"type":"LineString","coordinates":[[118.095785,24.587573],[118.095586,24.587571],[118.095562,24.587571],[118.09506,24.587579],[118.09506,24.587526],[118.094784,24.587534],[118.094382,24.587548],[118.094294,24.587384]]}},{"type":"Feature","properties":{"k":"road"},"geometry":{"type":"LineString","coordinates":[[118.094294,24.587384],[118.094342,24.587364],[118.094612,24.587247],[118.094874,24.587133]]}},{"type":"Feature","id":1218862460,"properties":{"k":"building","id":1218862460,"h":18,"cat":"教学"},"geometry":{"type":"Polygon","coordinates":[[[118.092629,24.569837],[118.092668,24.569787],[118.092455,24.569653],[118.091865,24.568935],[118.091797,24.568978],[118.09226,24.569524],[118.092413,24.569705],[118.092629,24.569837]]]}},{"type":"Feature","id":1218862461,"properties":{"k":"building","id":1218862461,"h":14.4,"cat":"教学"},"geometry":{"type":"Polygon","coordinates":[[[118.091928,24.570291],[118.091953,24.57019],[118.092073,24.570215],[118.092081,24.570185],[118.092169,24.570204],[118.092145,24.570301],[118.092063,24.570283],[118.092054,24.570317],[118.091928,24.570291]]]}},{"type":"Feature","id":1218862462,"properties":{"k":"building","id":1218862462,"h":14.4,"cat":"教学"},"geometry":{"type":"Polygon","coordinates":[[[118.091858,24.570507],[118.091999,24.570533],[118.092005,24.570507],[118.092089,24.570522],[118.092116,24.570398],[118.092022,24.570381],[118.092012,24.570427],[118.09188,24.570403],[118.091858,24.570507]]]}},{"type":"Feature","id":1218862464,"properties":{"k":"building","id":1218862464,"h":14.4,"cat":"教学"},"geometry":{"type":"Polygon","coordinates":[[[118.092114,24.570527],[118.09209,24.570633],[118.092231,24.570659],[118.092245,24.570662],[118.092269,24.570556],[118.092114,24.570527]]]}},{"type":"Feature","id":1218862465,"properties":{"k":"building","id":1218862465,"h":14.4,"cat":"教学"},"geometry":{"type":"Polygon","coordinates":[[[118.091785,24.570828],[118.09201,24.570864],[118.092023,24.570805],[118.09188,24.570781],[118.091889,24.570741],[118.091808,24.570726],[118.091785,24.570828]]]}},{"type":"Feature","id":1218862468,"properties":{"k":"building","id":1218862468,"h":14.4,"cat":"教学"},"geometry":{"type":"Polygon","coordinates":[[[118.092221,24.57084],[118.09226,24.570682],[118.092362,24.570706],[118.092339,24.570782],[118.092425,24.570802],[118.092405,24.570879],[118.092221,24.57084]]]}},{"type":"Feature","id":1218862470,"properties":{"k":"building","id":1218862470,"h":14.4,"cat":"教学"},"geometry":{"type":"Polygon","coordinates":[[[118.091661,24.571087],[118.091785,24.57108],[118.091791,24.571167],[118.091652,24.571175],[118.091644,24.571158],[118.091591,24.571158],[118.091601,24.571127],[118.091661,24.571087]]]}},{"type":"Feature","id":1218862474,"properties":{"k":"building","id":1218862474,"h":14.4,"cat":"教学"},"geometry":{"type":"Polygon","coordinates":[[[118.092007,24.571829],[118.091997,24.57175],[118.092115,24.571738],[118.092125,24.571817],[118.092007,24.571829]]]}},{"type":"Feature","id":1218862483,"properties":{"k":"building","id":1218862483,"h":14.4,"cat":"教学"},"geometry":{"type":"Polygon","coordinates":[[[118.091763,24.571595],[118.09174,24.571464],[118.09184,24.571449],[118.091862,24.571583],[118.091763,24.571595]]]}},{"type":"Feature","id":1218862489,"properties":{"k":"building","id":1218862489,"h":18,"cat":"教学"},"geometry":{"type":"Polygon","coordinates":[[[118.095014,24.573321],[118.095032,24.573109],[118.095371,24.573133],[118.095382,24.573011],[118.095247,24.573001],[118.095243,24.573043],[118.094891,24.573018],[118.094866,24.573311],[118.095014,24.573321]]]}},{"type":"Feature","id":1218862490,"properties":{"k":"building","id":1218862490,"h":18,"cat":"教学"},"geometry":{"type":"Polygon","coordinates":[[[118.095241,24.573512],[118.09525,24.573333],[118.095919,24.57336],[118.095912,24.573499],[118.096034,24.573504],[118.096027,24.573646],[118.095811,24.573637],[118.095818,24.573487],[118.095343,24.573468],[118.095341,24.573516],[118.095241,24.573512]]]}},{"type":"Feature","id":1218862491,"properties":{"k":"building","id":1218862491,"h":18,"cat":"教学","name":"古龙大礼堂"},"geometry":{"type":"Polygon","coordinates":[[[118.095542,24.573068],[118.096111,24.573114],[118.096137,24.572856],[118.095568,24.572809],[118.095542,24.573068]]]}},{"type":"Feature","id":1218862492,"properties":{"k":"building","id":1218862492,"h":18,"cat":"教学"},"geometry":{"type":"Polygon","coordinates":[[[118.096257,24.573567],[118.096501,24.573565],[118.0965,24.573476],[118.096314,24.573477],[118.096314,24.573375],[118.096498,24.573373],[118.096497,24.573298],[118.096254,24.5733],[118.096257,24.573567]]]}},{"type":"Feature","id":1218862493,"properties":{"k":"building","id":1218862493,"h":18,"cat":"教学"},"geometry":{"type":"Polygon","coordinates":[[[118.096066,24.57369],[118.096151,24.573695],[118.096169,24.573399],[118.096084,24.573395],[118.096066,24.57369]]]}},{"type":"Feature","id":1218862494,"properties":{"k":"building","id":1218862494,"h":18,"cat":"教学"},"geometry":{"type":"Polygon","coordinates":[[[118.096274,24.574007],[118.096529,24.574008],[118.09653,24.573902],[118.096341,24.573902],[118.096341,24.573783],[118.096525,24.573783],[118.096525,24.573677],[118.096275,24.573676],[118.096274,24.574007]]]}},{"type":"Feature","id":1289026829,"properties":{"k":"building","id":1289026829,"h":7.2,"cat":"教学"},"geometry":{"type":"Polygon","coordinates":[[[118.094321,24.591213],[118.094371,24.591204],[118.094359,24.59115],[118.09431,24.591159],[118.094321,24.591213]]]}},{"type":"Feature","properties":{"k":"major"},"geometry":{"type":"LineString","coordinates":[[118.087536,24.568739],[118.087464,24.568841],[118.08725,24.569113]]}},{"type":"Feature","properties":{"k":"major"},"geometry":{"type":"LineString","coordinates":[[118.089154,24.566902],[118.089009,24.567026],[118.088782,24.567188],[118.088446,24.56754],[118.088199,24.567824],[118.087829,24.568276],[118.087536,24.568739]]}},{"type":"Feature","properties":{"k":"pitch"},"geometry":{"type":"Polygon","coordinates":[[[118.096569,24.582449],[118.096579,24.583312],[118.097256,24.583305],[118.097246,24.582442],[118.096569,24.582449]]]}},{"type":"Feature","properties":{"k":"major"},"geometry":{"type":"LineString","coordinates":[[118.094617,24.593473],[118.094494,24.593576]]}},{"type":"Feature","id":1434793945,"properties":{"k":"building","id":1434793945,"h":3.6,"cat":"生活","name":"菜鸟驿站"},"geometry":{"type":"Polygon","coordinates":[[[118.089054,24.587925],[118.089055,24.587853],[118.088402,24.587851],[118.088402,24.587923],[118.089054,24.587925]]]}},{"type":"Feature","id":1434793953,"properties":{"k":"building","id":1434793953,"h":21.6,"cat":"宿舍"},"geometry":{"type":"Polygon","coordinates":[[[118.090683,24.586024],[118.090759,24.586017],[118.090743,24.585877],[118.090102,24.585937],[118.090114,24.586046],[118.090679,24.585993],[118.090683,24.586024]]]}},{"type":"Feature","id":1434793954,"properties":{"k":"building","id":1434793954,"h":21.6,"cat":"宿舍","name":"端景楼"},"geometry":{"type":"Polygon","coordinates":[[[118.090684,24.586358],[118.090761,24.586351],[118.090745,24.586211],[118.090103,24.586271],[118.090115,24.58638],[118.090681,24.586327],[118.090684,24.586358]]]}},{"type":"Feature","id":1434793955,"properties":{"k":"building","id":1434793955,"h":21.6,"cat":"宿舍"},"geometry":{"type":"Polygon","coordinates":[[[118.090726,24.586708],[118.090802,24.586701],[118.090786,24.586561],[118.090145,24.586621],[118.090157,24.58673],[118.090723,24.586677],[118.090726,24.586708]]]}},{"type":"Feature","id":1434793956,"properties":{"k":"building","id":1434793956,"h":21.6,"cat":"宿舍"},"geometry":{"type":"Polygon","coordinates":[[[118.091044,24.585989],[118.091123,24.585983],[118.091119,24.585946],[118.091394,24.585924],[118.091397,24.585953],[118.091474,24.585947],[118.09146,24.585804],[118.09103,24.585838],[118.091044,24.585989]]]}},{"type":"Feature","id":1434793957,"properties":{"k":"building","id":1434793957,"h":21.6,"cat":"宿舍"},"geometry":{"type":"Polygon","coordinates":[[[118.09105,24.58632],[118.091128,24.586314],[118.091124,24.586278],[118.091399,24.586256],[118.091402,24.586285],[118.091479,24.586279],[118.091465,24.586136],[118.091035,24.58617],[118.09105,24.58632]]]}},{"type":"Feature","id":1434793958,"properties":{"k":"building","id":1434793958,"h":21.6,"cat":"宿舍","name":"锦霞楼"},"geometry":{"type":"Polygon","coordinates":[[[118.091089,24.586676],[118.091167,24.58667],[118.091163,24.586634],[118.091438,24.586612],[118.091441,24.586641],[118.091518,24.586635],[118.091505,24.586492],[118.091074,24.586526],[118.091089,24.586676]]]}},{"type":"Feature","properties":{"k":"road"},"geometry":{"type":"LineString","coordinates":[[118.089452,24.593236],[118.0888,24.593227],[118.088772,24.593228]]}},{"type":"Feature","properties":{"k":"major"},"geometry":{"type":"LineString","coordinates":[[118.095359,24.586544],[118.095942,24.586263]]}},{"type":"Feature","properties":{"k":"major"},"geometry":{"type":"LineString","coordinates":[[118.09422,24.587064],[118.095359,24.586544]]}},{"type":"Feature","properties":{"k":"major"},"geometry":{"type":"LineString","coordinates":[[118.08583,24.588223],[118.085902,24.588218],[118.087208,24.588089]]}},{"type":"Feature","properties":{"k":"major"},"geometry":{"type":"LineString","coordinates":[[118.087208,24.588089],[118.087964,24.588078],[118.092036,24.588088],[118.09422,24.587064]]}},{"type":"Feature","properties":{"k":"road"},"geometry":{"type":"LineString","coordinates":[[118.08879,24.594247],[118.090012,24.594241]]}},{"type":"Feature","properties":{"k":"road"},"geometry":{"type":"LineString","coordinates":[[118.090012,24.594241],[118.090031,24.594314],[118.09008,24.594373],[118.090152,24.594409],[118.090233,24.594416],[118.090311,24.594392],[118.090371,24.594341],[118.090403,24.594272],[118.090401,24.594198],[118.090367,24.59413],[118.090333,24.594103],[118.090305,24.594081],[118.090227,24.594059],[118.090145,24.594068],[118.090075,24.594107],[118.090028,24.594168],[118.090012,24.594241]]}},{"type":"Feature","properties":{"k":"road"},"geometry":{"type":"LineString","coordinates":[[118.090539,24.59472],[118.090311,24.594392]]}},{"type":"Feature","id":1434793972,"properties":{"k":"building","id":1434793972,"h":18,"cat":"教学","name":"陆大楼"},"geometry":{"type":"Polygon","coordinates":[[[118.087367,24.579561],[118.087351,24.579416],[118.087331,24.579227],[118.087216,24.579237],[118.087205,24.579126],[118.087487,24.579102],[118.087471,24.578951],[118.086734,24.579016],[118.086777,24.579421],[118.087151,24.579388],[118.087171,24.579578],[118.087367,24.579561]]]}},{"type":"Feature","properties":{"k":"pitch"},"geometry":{"type":"Polygon","coordinates":[[[118.087551,24.584993],[118.08793,24.584958],[118.087804,24.583803],[118.087425,24.583837],[118.087551,24.584993]]]}},{"type":"Feature","properties":{"k":"pitch"},"geometry":{"type":"Polygon","coordinates":[[[118.087982,24.584951],[118.088361,24.584917],[118.088235,24.583761],[118.087856,24.583796],[118.087982,24.584951]]]}},{"type":"Feature","properties":{"k":"pitch"},"geometry":{"type":"Polygon","coordinates":[[[118.088422,24.584918],[118.088801,24.584884],[118.088675,24.583729],[118.088296,24.583763],[118.088422,24.584918]]]}},{"type":"Feature","properties":{"k":"path"},"geometry":{"type":"LineString","coordinates":[[118.08885,24.582964],[118.088714,24.582972]]}},{"type":"Feature","properties":{"k":"path"},"geometry":{"type":"LineString","coordinates":[[118.08887,24.583163],[118.088734,24.583173]]}},{"type":"Feature","properties":{"k":"path"},"geometry":{"type":"LineString","coordinates":[[118.089551,24.583452],[118.089673,24.583442]]}},{"type":"Feature","properties":{"k":"path"},"geometry":{"type":"LineString","coordinates":[[118.088904,24.583505],[118.088767,24.583515]]}},{"type":"Feature","properties":{"k":"path"},"geometry":{"type":"LineString","coordinates":[[118.0888,24.582453],[118.088665,24.582464]]}},{"type":"Feature","properties":{"k":"path"},"geometry":{"type":"LineString","coordinates":[[118.089483,24.582921],[118.089619,24.58291]]}},{"type":"Feature","properties":{"k":"path"},"geometry":{"type":"LineString","coordinates":[[118.089518,24.58319],[118.089647,24.583181]]}},{"type":"Feature","properties":{"k":"path"},"geometry":{"type":"LineString","coordinates":[[118.089135,24.582682],[118.0888,24.582453],[118.088788,24.582285]]}},{"type":"Feature","properties":{"k":"path"},"geometry":{"type":"LineString","coordinates":[[118.089416,24.582237],[118.089417,24.582401],[118.089135,24.582682],[118.08885,24.582964],[118.089483,24.582921],[118.089135,24.582682]]}},{"type":"Feature","properties":{"k":"path"},"geometry":{"type":"LineString","coordinates":[[118.088904,24.583505],[118.089551,24.583452],[118.089518,24.58319],[118.089483,24.582921],[118.089417,24.582401],[118.0888,24.582453],[118.08885,24.582964],[118.08887,24.583163],[118.088904,24.583505]]}},{"type":"Feature","properties":{"k":"path"},"geometry":{"type":"LineString","coordinates":[[118.091234,24.583859],[118.090802,24.583889]]}},{"type":"Feature","properties":{"k":"path"},"geometry":{"type":"LineString","coordinates":[[118.091332,24.583851],[118.091234,24.583859]]}},{"type":"Feature","properties":{"k":"path"},"geometry":{"type":"LineString","coordinates":[[118.091415,24.583848],[118.091332,24.583851]]}},{"type":"Feature","id":1434793989,"properties":{"k":"building","id":1434793989,"h":14.4,"cat":"教学","name":"尚大楼连廊"},"geometry":{"type":"Polygon","coordinates":[[[118.088242,24.581003],[118.088305,24.580997],[118.088277,24.580781],[118.088313,24.580778],[118.088302,24.580706],[118.088259,24.580711],[118.088246,24.580628],[118.088121,24.580639],[118.087892,24.580657],[118.087913,24.580866],[118.088219,24.580837],[118.088242,24.581003]]]}},{"type":"Feature","id":1434793990,"properties":{"k":"building","id":1434793990,"h":14.4,"cat":"教学"},"geometry":{"type":"Polygon","coordinates":[[[118.087557,24.581777],[118.087536,24.581581],[118.087477,24.581587],[118.087494,24.581782],[118.087557,24.581777]]]}},{"type":"Feature","id":1552478851,"properties":{"k":"building","id":1552478851,"h":18,"cat":"教学","name":"集诚楼"},"geometry":{"type":"Polygon","coordinates":[[[118.090316,24.581592],[118.090239,24.580902],[118.090302,24.580707],[118.090647,24.580699],[118.090886,24.580697],[118.090952,24.580713],[118.09127,24.580792],[118.091292,24.580879],[118.091072,24.581216],[118.090939,24.581312],[118.090704,24.581546],[118.090582,24.581585],[118.090316,24.581592]]]}},{"type":"Feature","id":1552478852,"properties":{"k":"building","id":1552478852,"h":18,"cat":"教学","name":"集毅楼"},"geometry":{"type":"Polygon","coordinates":[[[118.090599,24.579744],[118.090553,24.579391],[118.090467,24.579392],[118.090446,24.579353],[118.090129,24.579375],[118.090093,24.579217],[118.090164,24.579226],[118.090162,24.579064],[118.090069,24.579088],[118.090061,24.578929],[118.090429,24.578913],[118.090506,24.578832],[118.090719,24.578837],[118.090805,24.57893],[118.090784,24.579061],[118.090642,24.579087],[118.090689,24.579153],[118.090687,24.579346],[118.090734,24.579732],[118.090599,24.579744]]]}},{"type":"Feature","id":1552478853,"properties":{"k":"building","id":1552478853,"h":14.4,"cat":"教学","name":"海外教育学院"},"geometry":{"type":"Polygon","coordinates":[[[118.091513,24.581525],[118.091511,24.581502],[118.091474,24.581504],[118.091462,24.581362],[118.091493,24.58136],[118.091491,24.581329],[118.091933,24.581298],[118.091935,24.581319],[118.091966,24.581317],[118.091978,24.58146],[118.091943,24.581463],[118.091944,24.581483],[118.092016,24.581478],[118.092028,24.581625],[118.0918,24.581641],[118.091794,24.581563],[118.091828,24.581561],[118.091823,24.581503],[118.091513,24.581525]]]}},{"type":"Feature","id":1552478854,"properties":{"k":"building","id":1552478854,"h":18,"cat":"教学","name":"爱礼楼"},"geometry":{"type":"Polygon","coordinates":[[[118.091811,24.582007],[118.092085,24.58198],[118.092049,24.581679],[118.091895,24.581694],[118.0919,24.581734],[118.091815,24.581742],[118.091813,24.581725],[118.091396,24.581767],[118.0914,24.581799],[118.091366,24.581802],[118.09138,24.581916],[118.091412,24.581912],[118.091416,24.58195],[118.091799,24.581912],[118.091811,24.582007]]]}},{"type":"Feature","id":1552478855,"properties":{"k":"building","id":1552478855,"h":18,"cat":"教学","name":"弘毅楼"},"geometry":{"type":"Polygon","coordinates":[[[118.091768,24.586519],[118.091675,24.585757],[118.092404,24.585703],[118.092464,24.586429],[118.091768,24.586519]]]}},{"type":"Feature","id":1552478856,"properties":{"k":"building","id":1552478856,"h":18,"cat":"教学","name":"道远楼"},"geometry":{"type":"Polygon","coordinates":[[[118.091877,24.587626],[118.091798,24.586788],[118.092375,24.586689],[118.092493,24.587563],[118.091877,24.587626]]]}},{"type":"Feature","id":1552478857,"properties":{"k":"building","id":1552478857,"h":18,"cat":"教学","name":"建安楼"},"geometry":{"type":"Polygon","coordinates":[[[118.0927,24.587415],[118.092621,24.5866],[118.093193,24.58651],[118.093292,24.587281],[118.0927,24.587415]]]}},{"type":"Feature","id":1552478858,"properties":{"k":"building","id":1552478858,"h":21.6,"cat":"宿舍","name":"水产公寓"},"geometry":{"type":"Polygon","coordinates":[[[118.099411,24.585647],[118.099371,24.585335],[118.100164,24.585278],[118.100181,24.585587],[118.099864,24.585608],[118.099411,24.585647]]]}},{"type":"Feature","id":1552500426,"properties":{"k":"building","id":1552500426,"h":18,"cat":"教学","name":"音乐南楼"},"geometry":{"type":"Polygon","coordinates":[[[118.095705,24.584786],[118.095646,24.584488],[118.095385,24.584475],[118.095241,24.584381],[118.094907,24.584395],[118.094907,24.584612],[118.095043,24.584929],[118.095197,24.58497],[118.095308,24.584839],[118.095683,24.584836],[118.095705,24.584786]]]}},{"type":"Feature","id":1552500427,"properties":{"k":"building","id":1552500427,"h":18,"cat":"教学","name":"陈延奎楼"},"geometry":{"type":"Polygon","coordinates":[[[118.094638,24.574779],[118.094641,24.574569],[118.095304,24.574561],[118.095312,24.574789],[118.094638,24.574779]]]}},{"type":"Feature","id":1552500428,"properties":{"k":"building","id":1552500428,"h":14.4,"cat":"教学","name":"轮机小高层"},"geometry":{"type":"Polygon","coordinates":[[[118.095754,24.581262],[118.096742,24.581205],[118.096766,24.581511],[118.095703,24.581513],[118.095694,24.581275],[118.095754,24.581262]]]}},{"type":"Feature","properties":{"k":"road"},"geometry":{"type":"LineString","coordinates":[[118.090539,24.59472],[118.091542,24.594136],[118.092133,24.593801],[118.092467,24.593584],[118.092475,24.593282],[118.093097,24.593294],[118.093174,24.593523],[118.092728,24.593727],[118.092475,24.593282]]}},{"type":"Feature","properties":{"k":"path"},"geometry":{"type":"LineString","coordinates":[[118.091542,24.594136],[118.091532,24.593541]]}},{"type":"Feature","properties":{"k":"road"},"geometry":{"type":"LineString","coordinates":[[118.092133,24.593801],[118.092141,24.593436]]}},{"type":"Feature","properties":{"k":"road"},"geometry":{"type":"LineString","coordinates":[[118.090075,24.594107],[118.090053,24.593244],[118.089452,24.593236]]}},{"type":"Feature","properties":{"k":"road"},"geometry":{"type":"LineString","coordinates":[[118.090333,24.594103],[118.090317,24.593324],[118.090178,24.593254],[118.090053,24.593244]]}},{"type":"Feature","properties":{"k":"path"},"geometry":{"type":"LineString","coordinates":[[118.089646,24.593118],[118.089597,24.593055],[118.089599,24.592677],[118.0896,24.591004],[118.089649,24.590942],[118.089772,24.590946],[118.089835,24.590896],[118.089836,24.590878],[118.089837,24.590847]]}},{"type":"Feature","id":1559107969,"properties":{"k":"building","id":1559107969,"h":7.2,"cat":"生活","name":"鸿润福超市"},"geometry":{"type":"Polygon","coordinates":[[[118.089857,24.589792],[118.089825,24.589808],[118.089788,24.589805],[118.089768,24.589784],[118.089734,24.58976],[118.089669,24.589713],[118.089672,24.589587],[118.08967,24.58958],[118.089691,24.589525],[118.089725,24.589499],[118.089767,24.589497],[118.08977,24.58943],[118.089892,24.589434],[118.089953,24.589436],[118.090033,24.589512],[118.090038,24.589553],[118.089966,24.589619],[118.089995,24.589642],[118.089857,24.589792]]]}},{"type":"Feature","id":1559107970,"properties":{"k":"building","id":1559107970,"h":21.6,"cat":"宿舍","name":"六社区六组团学生公寓"},"geometry":{"type":"Polygon","coordinates":[[[118.089613,24.586817],[118.089604,24.586695],[118.08973,24.586674],[118.089719,24.586607],[118.089601,24.586613],[118.089588,24.586495],[118.089753,24.586461],[118.089734,24.586278],[118.089603,24.586286],[118.089591,24.58611],[118.089683,24.586103],[118.08968,24.58606],[118.089591,24.586064],[118.089579,24.585935],[118.089993,24.585896],[118.09001,24.58601],[118.089895,24.586023],[118.089903,24.58609],[118.090013,24.586078],[118.090027,24.586225],[118.089906,24.586249],[118.089934,24.586442],[118.090052,24.586437],[118.090067,24.586567],[118.089968,24.586578],[118.089975,24.586639],[118.090076,24.58663],[118.090093,24.586763],[118.090075,24.586765],[118.089613,24.586817]]]}},{"type":"Feature","properties":{"k":"pitch"},"geometry":{"type":"Polygon","coordinates":[[[118.088408,24.585704],[118.088329,24.584958],[118.088803,24.58492],[118.088892,24.585662],[118.088408,24.585704]]]}},{"type":"Feature","id":1559107972,"properties":{"k":"building","id":1559107972,"h":18,"cat":"教学","name":"集美大学工程训练中心"},"geometry":{"type":"Polygon","coordinates":[[[118.094219,24.587956],[118.094235,24.587649],[118.094367,24.587571],[118.09478,24.587562],[118.094841,24.587561],[118.094841,24.587746],[118.095304,24.587718],[118.095249,24.58794],[118.094219,24.587956]]]}},{"type":"Feature","properties":{"k":"road"},"geometry":{"type":"LineString","coordinates":[[118.094352,24.586293],[118.094702,24.586168]]}},{"type":"Feature","properties":{"k":"road"},"geometry":{"type":"LineString","coordinates":[[118.093217,24.586299],[118.093776,24.58613],[118.094407,24.585938]]}},{"type":"Feature","id":1559107977,"properties":{"k":"building","id":1559107977,"h":18,"cat":"生活","name":"集美大学印刷厂"},"geometry":{"type":"Polygon","coordinates":[[[118.094298,24.587326],[118.094215,24.587155],[118.094931,24.586846],[118.095011,24.586992],[118.094958,24.587016],[118.094313,24.587319],[118.094298,24.587326]]]}},{"type":"Feature","properties":{"k":"path"},"geometry":{"type":"LineString","coordinates":[[118.092007,24.588162],[118.092046,24.588144],[118.092117,24.588113],[118.09217,24.588088],[118.092706,24.587853],[118.09342,24.587532]]}},{"type":"Feature","properties":{"k":"road"},"geometry":{"type":"LineString","coordinates":[[118.091452,24.588173],[118.091961,24.588163],[118.092007,24.588162]]}},{"type":"Feature","properties":{"k":"road"},"geometry":{"type":"LineString","coordinates":[[118.091452,24.588173],[118.089433,24.588177]]}},{"type":"Feature","properties":{"k":"road"},"geometry":{"type":"LineString","coordinates":[[118.089433,24.588177],[118.087929,24.588162]]}},{"type":"Feature","properties":{"k":"road"},"geometry":{"type":"LineString","coordinates":[[118.0894,24.588929],[118.088101,24.588925]]}},{"type":"Feature","id":1559107983,"properties":{"k":"building","id":1559107983,"h":3.6,"cat":"生活","name":"集美大学庄重文体育场拼多多快递驿站"},"geometry":{"type":"Polygon","coordinates":[[[118.088064,24.587926],[118.088063,24.587856],[118.088402,24.587851],[118.088402,24.587923],[118.088064,24.587926]]]}},{"type":"Feature","properties":{"k":"green"},"geometry":{"type":"Polygon","coordinates":[[[118.089529,24.586995],[118.089531,24.587356],[118.089539,24.587686],[118.089543,24.587825],[118.089601,24.587828],[118.089595,24.58788],[118.089673,24.58788],[118.089673,24.587941],[118.091207,24.587954],[118.091244,24.587955],[118.091718,24.587957],[118.091731,24.587826],[118.091715,24.587807],[118.091702,24.587784],[118.091345,24.587833],[118.091339,24.587799],[118.091139,24.587797],[118.090915,24.587822],[118.090783,24.587793],[118.0907,24.587801],[118.090676,24.587746],[118.090621,24.587812],[118.090511,24.587779],[118.090508,24.587716],[118.090479,24.587705],[118.090461,24.587794],[118.090379,24.58782],[118.09032,24.587801],[118.090262,24.587753],[118.090305,24.587671],[118.090264,24.587654],[118.090221,24.587704],[118.09019,24.587741],[118.090023,24.587686],[118.089985,24.587643],[118.089978,24.587595],[118.089973,24.58756],[118.090115,24.58748],[118.090091,24.587438],[118.089929,24.587484],[118.089839,24.587517],[118.08972,24.587345],[118.089717,24.587282],[118.089758,24.587187],[118.089789,24.587122],[118.089833,24.587117],[118.08991,24.586963],[118.089708,24.58698],[118.089529,24.586995]]]}},{"type":"Feature","properties":{"k":"path"},"geometry":{"type":"LineString","coordinates":[[118.089539,24.587686],[118.089661,24.587695],[118.08977,24.587707],[118.089867,24.587662]]}},{"type":"Feature","properties":{"k":"path"},"geometry":{"type":"LineString","coordinates":[[118.089867,24.587662],[118.089896,24.587723]]}},{"type":"Feature","properties":{"k":"path"},"geometry":{"type":"LineString","coordinates":[[118.089811,24.587856],[118.089804,24.587837],[118.08981,24.587823],[118.089823,24.58781],[118.089841,24.587805],[118.08986,24.587809],[118.089874,24.587821],[118.08988,24.587838],[118.089875,24.587855],[118.089861,24.587868],[118.089843,24.587872],[118.089824,24.587868],[118.089811,24.587856]]}},{"type":"Feature","properties":{"k":"path"},"geometry":{"type":"LineString","coordinates":[[118.089804,24.587837],[118.089601,24.587828]]}},{"type":"Feature","properties":{"k":"path"},"geometry":{"type":"LineString","coordinates":[[118.089867,24.587662],[118.089784,24.587583],[118.089726,24.587525],[118.089638,24.587456],[118.089614,24.587408],[118.089618,24.587346],[118.089687,24.587202],[118.089758,24.587187]]}},{"type":"Feature","properties":{"k":"path"},"geometry":{"type":"LineString","coordinates":[[118.089687,24.587202],[118.089708,24.58698]]}},{"type":"Feature","properties":{"k":"path"},"geometry":{"type":"LineString","coordinates":[[118.089618,24.587346],[118.089531,24.587356]]}},{"type":"Feature","properties":{"k":"path"},"geometry":{"type":"LineString","coordinates":[[118.091294,24.587883],[118.091614,24.587852],[118.091715,24.587807],[118.091789,24.587783]]}},{"type":"Feature","properties":{"k":"path"},"geometry":{"type":"LineString","coordinates":[[118.089639,24.59013],[118.090835,24.590132],[118.090928,24.590132]]}},{"type":"Feature","properties":{"k":"road"},"geometry":{"type":"LineString","coordinates":[[118.092004,24.588331],[118.092952,24.588328]]}},{"type":"Feature","id":1559840656,"properties":{"k":"building","id":1559840656,"h":21.6,"cat":"宿舍","name":"诚毅学院学生公寓小白车上下客点"},"geometry":{"type":"Polygon","coordinates":[[[118.091822,24.58832],[118.091821,24.588272],[118.091818,24.588174],[118.0919,24.588174],[118.091899,24.588318],[118.091822,24.58832]]]}},{"type":"Feature","properties":{"k":"road"},"geometry":{"type":"LineString","coordinates":[[118.088611,24.578665],[118.088521,24.578669]]}},{"type":"Feature","properties":{"k":"road"},"geometry":{"type":"LineString","coordinates":[[118.088321,24.578632],[118.088344,24.578604],[118.088378,24.578585],[118.088417,24.578579],[118.088455,24.578586],[118.088488,24.578605],[118.088511,24.578634],[118.088521,24.578669],[118.088515,24.578708],[118.088491,24.578742],[118.088455,24.578764],[118.088412,24.578771],[118.088369,24.578762],[118.088335,24.578737],[118.088314,24.578702],[118.08831,24.578667],[118.088321,24.578632]]}},{"type":"Feature","properties":{"k":"path"},"geometry":{"type":"LineString","coordinates":[[118.089688,24.592676],[118.08964,24.592677],[118.089599,24.592677]]}},{"type":"Feature","id":1559968922,"properties":{"k":"building","id":1559968922,"h":14.4,"cat":"教学"},"geometry":{"type":"Polygon","coordinates":[[[118.089957,24.590932],[118.09013,24.59098],[118.090146,24.590924],[118.089971,24.590881],[118.089957,24.590932]]]}},{"type":"Feature","properties":{"k":"path"},"geometry":{"type":"LineString","coordinates":[[118.090004,24.589745],[118.090809,24.589804]]}},{"type":"Feature","properties":{"k":"path"},"geometry":{"type":"LineString","coordinates":[[118.09091,24.5894],[118.090864,24.589407],[118.09082,24.589422],[118.090809,24.589804],[118.090852,24.589821],[118.090897,24.58983],[118.090943,24.589831],[118.090989,24.589824],[118.091032,24.589809],[118.091045,24.589429],[118.091002,24.589411],[118.090957,24.589401],[118.09091,24.5894]]}},{"type":"Feature","properties":{"k":"path"},"geometry":{"type":"LineString","coordinates":[[118.090838,24.590068],[118.090852,24.589821]]}},{"type":"Feature","properties":{"k":"path"},"geometry":{"type":"LineString","coordinates":[[118.091045,24.589429],[118.091053,24.589009]]}},{"type":"Feature","properties":{"k":"path"},"geometry":{"type":"LineString","coordinates":[[118.090693,24.589018],[118.091053,24.589009],[118.091718,24.589011],[118.092287,24.589012]]}},{"type":"Feature","properties":{"k":"path"},"geometry":{"type":"LineString","coordinates":[[118.091045,24.589429],[118.091899,24.589411]]}},{"type":"Feature","properties":{"k":"path"},"geometry":{"type":"LineString","coordinates":[[118.091718,24.589011],[118.091714,24.588623]]}},{"type":"Feature","properties":{"k":"path"},"geometry":{"type":"LineString","coordinates":[[118.091714,24.588623],[118.091886,24.588626],[118.092652,24.588637]]}},{"type":"Feature","properties":{"k":"path"},"geometry":{"type":"LineString","coordinates":[[118.091714,24.588623],[118.091357,24.588625]]}},{"type":"Feature","properties":{"k":"path"},"geometry":{"type":"LineString","coordinates":[[118.091032,24.589809],[118.091514,24.589807]]}},{"type":"Feature","properties":{"k":"path"},"geometry":{"type":"LineString","coordinates":[[118.091886,24.588626],[118.0919,24.588334]]}},{"type":"Feature","properties":{"k":"path"},"geometry":{"type":"LineString","coordinates":[[118.092706,24.587853],[118.092809,24.588047],[118.093221,24.588052]]}},{"type":"Feature","properties":{"k":"road"},"geometry":{"type":"LineString","coordinates":[[118.093522,24.587484],[118.094199,24.587206]]}},{"type":"Feature","properties":{"k":"road"},"geometry":{"type":"LineString","coordinates":[[118.094199,24.587206],[118.094294,24.587384]]}},{"type":"Feature","properties":{"k":"path"},"geometry":{"type":"LineString","coordinates":[[118.09342,24.587532],[118.093448,24.587519],[118.093522,24.587484]]}},{"type":"Feature","properties":{"k":"pitch"},"geometry":{"type":"Polygon","coordinates":[[[118.088726,24.591528],[118.088726,24.591276],[118.088878,24.591279],[118.08888,24.591533],[118.088726,24.591528]]]}},{"type":"Feature","properties":{"k":"pitch"},"geometry":{"type":"Polygon","coordinates":[[[118.088887,24.591531],[118.088887,24.591279],[118.089039,24.591283],[118.089041,24.591536],[118.088887,24.591531]]]}},{"type":"Feature","properties":{"k":"pitch"},"geometry":{"type":"Polygon","coordinates":[[[118.089051,24.591531],[118.089051,24.591279],[118.089203,24.591283],[118.089205,24.591536],[118.089051,24.591531]]]}},{"type":"Feature","properties":{"k":"pitch"},"geometry":{"type":"Polygon","coordinates":[[[118.088562,24.591525],[118.088562,24.591273],[118.088714,24.591276],[118.088716,24.59153],[118.088562,24.591525]]]}},{"type":"Feature","properties":{"k":"pitch"},"geometry":{"type":"Polygon","coordinates":[[[118.088404,24.591528],[118.088404,24.591276],[118.088555,24.591279],[118.088557,24.591532],[118.088404,24.591528]]]}},{"type":"Feature","properties":{"k":"pitch"},"geometry":{"type":"Polygon","coordinates":[[[118.088401,24.591217],[118.088401,24.590965],[118.088553,24.590968],[118.088555,24.591222],[118.088401,24.591217]]]}},{"type":"Feature","properties":{"k":"pitch"},"geometry":{"type":"Polygon","coordinates":[[[118.088408,24.590907],[118.088408,24.590655],[118.08856,24.590658],[118.088561,24.590911],[118.088408,24.590907]]]}},{"type":"Feature","properties":{"k":"pitch"},"geometry":{"type":"Polygon","coordinates":[[[118.088563,24.59122],[118.088563,24.590968],[118.088715,24.590971],[118.088717,24.591224],[118.088563,24.59122]]]}},{"type":"Feature","properties":{"k":"pitch"},"geometry":{"type":"Polygon","coordinates":[[[118.088567,24.590909],[118.088567,24.590657],[118.088719,24.59066],[118.088721,24.590914],[118.088567,24.590909]]]}},{"type":"Feature","properties":{"k":"pitch"},"geometry":{"type":"Polygon","coordinates":[[[118.088727,24.591224],[118.088727,24.590972],[118.088879,24.590976],[118.088881,24.591229],[118.088727,24.591224]]]}},{"type":"Feature","properties":{"k":"pitch"},"geometry":{"type":"Polygon","coordinates":[[[118.088889,24.591228],[118.088889,24.590976],[118.089041,24.590979],[118.089042,24.591233],[118.088889,24.591228]]]}},{"type":"Feature","properties":{"k":"pitch"},"geometry":{"type":"Polygon","coordinates":[[[118.089054,24.591232],[118.089054,24.59098],[118.089206,24.590983],[118.089208,24.591237],[118.089054,24.591232]]]}},{"type":"Feature","properties":{"k":"pitch"},"geometry":{"type":"Polygon","coordinates":[[[118.08873,24.590921],[118.08873,24.590669],[118.088882,24.590673],[118.088884,24.590926],[118.08873,24.590921]]]}},{"type":"Feature","properties":{"k":"pitch"},"geometry":{"type":"Polygon","coordinates":[[[118.088897,24.590918],[118.088897,24.590666],[118.089049,24.590669],[118.089051,24.590923],[118.088897,24.590918]]]}},{"type":"Feature","properties":{"k":"pitch"},"geometry":{"type":"Polygon","coordinates":[[[118.089058,24.590924],[118.089058,24.590672],[118.08921,24.590675],[118.089212,24.590929],[118.089058,24.590924]]]}},{"type":"Feature","properties":{"k":"pitch"},"geometry":{"type":"Polygon","coordinates":[[[118.088907,24.591794],[118.088907,24.591635],[118.088998,24.591631],[118.088998,24.591797],[118.088907,24.591794]]]}},{"type":"Feature","properties":{"k":"pitch"},"geometry":{"type":"Polygon","coordinates":[[[118.089085,24.591796],[118.089085,24.591637],[118.089176,24.591634],[118.089176,24.591799],[118.089085,24.591796]]]}},{"type":"Feature","properties":{"k":"pitch"},"geometry":{"type":"Polygon","coordinates":[[[118.088706,24.591832],[118.088706,24.591769],[118.08885,24.591771],[118.088845,24.591832],[118.088706,24.591832]]]}},{"type":"Feature","properties":{"k":"pitch"},"geometry":{"type":"Polygon","coordinates":[[[118.088703,24.591645],[118.088704,24.591582],[118.088847,24.591584],[118.088842,24.591645],[118.088703,24.591645]]]}},{"type":"Feature","properties":{"k":"pitch"},"geometry":{"type":"Polygon","coordinates":[[[118.088535,24.591848],[118.088536,24.591786],[118.088679,24.591787],[118.088674,24.591848],[118.088535,24.591848]]]}},{"type":"Feature","properties":{"k":"road"},"geometry":{"type":"LineString","coordinates":[[118.087627,24.579313],[118.087579,24.579305],[118.08751,24.579315],[118.08747,24.579341],[118.08749,24.579581],[118.087505,24.579614],[118.087519,24.579634]]}},{"type":"Feature","properties":{"k":"road"},"geometry":{"type":"LineString","coordinates":[[118.090654,24.594026],[118.090643,24.593545],[118.090641,24.593456]]}},{"type":"Feature","properties":{"k":"road"},"geometry":{"type":"LineString","coordinates":[[118.091265,24.594011],[118.091266,24.593453]]}},{"type":"Feature","properties":{"k":"road"},"geometry":{"type":"LineString","coordinates":[[118.09188,24.593643],[118.09188,24.593434]]}},{"type":"Feature","properties":{"k":"road"},"geometry":{"type":"LineString","coordinates":[[118.089778,24.594022],[118.089778,24.593665],[118.089778,24.593559],[118.089778,24.593475]]}},{"type":"Feature","properties":{"k":"road"},"geometry":{"type":"LineString","coordinates":[[118.089159,24.594014],[118.089161,24.593478]]}},{"type":"Feature","properties":{"k":"road"},"geometry":{"type":"LineString","coordinates":[[118.090641,24.593456],[118.090605,24.593456],[118.089778,24.593475]]}},{"type":"Feature","properties":{"k":"road"},"geometry":{"type":"LineString","coordinates":[[118.090451,24.590907],[118.090469,24.590979]]}},{"type":"Feature","properties":{"k":"pitch"},"geometry":{"type":"Polygon","coordinates":[[[118.09408,24.574245],[118.093991,24.574254],[118.093795,24.572927],[118.093888,24.572918],[118.093921,24.572882],[118.093965,24.572844],[118.094013,24.572811],[118.094066,24.572784],[118.094122,24.572764],[118.094181,24.57275],[118.094242,24.572744],[118.094302,24.572746],[118.094364,24.572755],[118.094424,24.572771],[118.094481,24.572796],[118.094534,24.572827],[118.094582,24.572864],[118.094624,24.572907],[118.094658,24.572954],[118.094685,24.573006],[118.094704,24.57306],[118.094834,24.573929],[118.094829,24.573994],[118.094814,24.574057],[118.094787,24.574117],[118.094751,24.574173],[118.094706,24.574223],[118.094662,24.574259],[118.094612,24.57429],[118.094559,24.574315],[118.094503,24.574333],[118.094444,24.574345],[118.094386,24.574349],[118.094327,24.574346],[118.094269,24.574337],[118.094212,24.574321],[118.094159,24.574298],[118.094109,24.574269],[118.09408,24.574245]]]}},{"type":"Feature","properties":{"k":"pitch"},"geometry":{"type":"Polygon","coordinates":[[[118.097871,24.57326],[118.097722,24.573259],[118.09772,24.573493],[118.097869,24.573494],[118.097871,24.57326]]]}},{"type":"Feature","properties":{"k":"pitch"},"geometry":{"type":"Polygon","coordinates":[[[118.0977,24.573257],[118.09755,24.573257],[118.097549,24.57349],[118.097698,24.573491],[118.0977,24.573257]]]}},{"type":"Feature","id":1560453512,"properties":{"k":"building","id":1560453512,"h":14.4,"cat":"教学"},"geometry":{"type":"Polygon","coordinates":[[[118.096864,24.573098],[118.096745,24.573099],[118.096747,24.573324],[118.096866,24.573323],[118.096864,24.573098]]]}},{"type":"Feature","id":1560453513,"properties":{"k":"building","id":1560453513,"h":14.4,"cat":"教学"},"geometry":{"type":"Polygon","coordinates":[[[118.096699,24.573531],[118.096889,24.57353],[118.096886,24.573323],[118.096866,24.573323],[118.096747,24.573324],[118.096697,24.573324],[118.096699,24.573531]]]}},{"type":"Feature","id":1560453514,"properties":{"k":"building","id":1560453514,"h":14.4,"cat":"教学"},"geometry":{"type":"Polygon","coordinates":[[[118.096752,24.5738],[118.096889,24.573798],[118.096886,24.573543],[118.09675,24.573544],[118.096752,24.5738]]]}},{"type":"Feature","id":1560453515,"properties":{"k":"building","id":1560453515,"h":14.4,"cat":"教学"},"geometry":{"type":"Polygon","coordinates":[[[118.096885,24.573816],[118.096753,24.573816],[118.096752,24.573953],[118.096884,24.573953],[118.096884,24.573939],[118.096885,24.573824],[118.096885,24.573816]]]}},{"type":"Feature","id":1560453517,"properties":{"k":"building","id":1560453517,"h":18,"cat":"教学","name":"养正楼"},"geometry":{"type":"Polygon","coordinates":[[[118.098633,24.573597],[118.098534,24.573596],[118.098534,24.573613],[118.098399,24.573612],[118.098399,24.573596],[118.098311,24.573596],[118.098316,24.573591],[118.09832,24.573571],[118.098314,24.573551],[118.098298,24.573536],[118.098277,24.57353],[118.098255,24.573534],[118.098237,24.573546],[118.098227,24.573564],[118.098228,24.573585],[118.09824,24.573602],[118.098259,24.573613],[118.098277,24.573614],[118.098277,24.573617],[118.098281,24.573635],[118.098294,24.573661],[118.098358,24.573661],[118.098358,24.57368],[118.098574,24.573681],[118.098574,24.57366],[118.098647,24.57366],[118.098659,24.573644],[118.098662,24.573623],[118.09866,24.573611],[118.098677,24.573612],[118.098698,24.573604],[118.098712,24.573588],[118.098716,24.573568],[118.098709,24.573549],[118.098694,24.573534],[118.098672,24.573528],[118.09865,24.573531],[118.098633,24.573544],[118.098623,24.573562],[118.098624,24.573583],[118.098633,24.573597]]]}},{"type":"Feature","id":1560453518,"properties":{"k":"building","id":1560453518,"h":14.4,"cat":"教学"},"geometry":{"type":"Polygon","coordinates":[[[118.098464,24.573935],[118.098447,24.573927],[118.098439,24.573912],[118.098444,24.573895],[118.09846,24.573885],[118.098479,24.573887],[118.098492,24.573899],[118.098494,24.573916],[118.098483,24.57393],[118.098464,24.573935]]]}},{"type":"Feature","id":1560453521,"properties":{"k":"building","id":1560453521,"h":14.4,"cat":"教学"},"geometry":{"type":"Polygon","coordinates":[[[118.09859,24.573764],[118.098589,24.573804],[118.098676,24.573805],[118.098676,24.573765],[118.09859,24.573764]]]}},{"type":"Feature","id":1560453522,"properties":{"k":"building","id":1560453522,"h":14.4,"cat":"教学"},"geometry":{"type":"Polygon","coordinates":[[[118.09826,24.573766],[118.09826,24.573805],[118.098342,24.573806],[118.098342,24.573766],[118.09826,24.573766]]]}},{"type":"Feature","id":1560453528,"properties":{"k":"building","id":1560453528,"h":14.4,"cat":"教学"},"geometry":{"type":"Polygon","coordinates":[[[118.096974,24.573939],[118.096973,24.573835],[118.096973,24.573824],[118.096885,24.573824],[118.096884,24.573939],[118.096974,24.573939]]]}},{"type":"Feature","id":1560453531,"properties":{"k":"building","id":1560453531,"h":14.4,"cat":"教学"},"geometry":{"type":"Polygon","coordinates":[[[118.0974,24.573832],[118.096973,24.573835],[118.096974,24.573939],[118.097401,24.573936],[118.097401,24.573927],[118.0974,24.573841],[118.0974,24.573832]]]}},{"type":"Feature","id":1560453532,"properties":{"k":"building","id":1560453532,"h":14.4,"cat":"教学"},"geometry":{"type":"Polygon","coordinates":[[[118.09751,24.573832],[118.09751,24.57384],[118.097511,24.573927],[118.097511,24.573938],[118.097887,24.573936],[118.097886,24.57383],[118.09751,24.573832]]]}},{"type":"Feature","id":1560453533,"properties":{"k":"building","id":1560453533,"h":14.4,"cat":"教学"},"geometry":{"type":"Polygon","coordinates":[[[118.097993,24.573104],[118.097998,24.573807],[118.097999,24.573935],[118.097999,24.573959],[118.098111,24.573959],[118.098105,24.573104],[118.097993,24.573104]]]}},{"type":"Feature","properties":{"k":"path"},"geometry":{"type":"LineString","coordinates":[[118.091532,24.593541],[118.091582,24.593544],[118.091583,24.593444]]}},{"type":"Feature","id":1560502084,"properties":{"k":"building","id":1560502084,"h":14.4,"cat":"教学"},"geometry":{"type":"Polygon","coordinates":[[[118.08967,24.58958],[118.089645,24.589581],[118.089595,24.589577],[118.08961,24.589297],[118.089769,24.589301],[118.089767,24.589384],[118.089768,24.589404],[118.08977,24.58943],[118.089767,24.589497],[118.089725,24.589499],[118.089691,24.589525],[118.08967,24.58958]]]}},{"type":"Feature","properties":{"k":"major"},"geometry":{"type":"LineString","coordinates":[[118.090823,24.577673],[118.090834,24.577568],[118.090897,24.577516],[118.09098,24.577499],[118.091058,24.577533]]}},{"type":"Feature","properties":{"k":"major"},"geometry":{"type":"LineString","coordinates":[[118.091915,24.579222],[118.091793,24.579328],[118.091683,24.57936],[118.0915,24.57933]]}},{"type":"Feature","properties":{"k":"major"},"geometry":{"type":"LineString","coordinates":[[118.093927,24.583692],[118.093892,24.583842],[118.093838,24.583883],[118.09375,24.58389],[118.093626,24.583821]]}},{"type":"Feature","properties":{"k":"major"},"geometry":{"type":"LineString","coordinates":[[118.090506,24.576245],[118.090467,24.576381],[118.090369,24.576423],[118.090234,24.576361]]}},{"type":"Feature","properties":{"k":"path"},"geometry":{"type":"LineString","coordinates":[[118.089841,24.587805],[118.089821,24.587771],[118.089792,24.587725],[118.08977,24.587707]]}},{"type":"Feature","properties":{"k":"path"},"geometry":{"type":"LineString","coordinates":[[118.089932,24.587769],[118.089971,24.587809],[118.090066,24.587834]]}},{"type":"Feature","properties":{"k":"path"},"geometry":{"type":"LineString","coordinates":[[118.089932,24.587769],[118.090023,24.587686]]}},{"type":"Feature","properties":{"k":"path"},"geometry":{"type":"LineString","coordinates":[[118.089896,24.587723],[118.089932,24.587769]]}},{"type":"Feature","properties":{"k":"path"},"geometry":{"type":"LineString","coordinates":[[118.090405,24.587876],[118.090413,24.587809]]}},{"type":"Feature","properties":{"k":"path"},"geometry":{"type":"LineString","coordinates":[[118.090141,24.586897],[118.090007,24.585794]]}},{"type":"Feature","properties":{"k":"road"},"geometry":{"type":"LineString","coordinates":[[118.092444,24.586604],[118.092577,24.587727]]}},{"type":"Feature","id":1561388729,"properties":{"k":"building","id":1561388729,"h":14.4,"cat":"教学"},"geometry":{"type":"Polygon","coordinates":[[[118.093086,24.586189],[118.093065,24.586117],[118.09324,24.58605],[118.09327,24.586131],[118.093086,24.586189]]]}},{"type":"Feature","id":1561388730,"properties":{"k":"building","id":1561388730,"h":14.4,"cat":"教学"},"geometry":{"type":"Polygon","coordinates":[[[118.093308,24.593428],[118.093267,24.593361],[118.093367,24.593303],[118.093413,24.593375],[118.093308,24.593428]]]}},{"type":"Feature","properties":{"k":"road"},"geometry":{"type":"LineString","coordinates":[[118.088775,24.595167],[118.088765,24.595766],[118.088819,24.595822],[118.088905,24.59584],[118.089907,24.595247]]}},{"type":"Feature","properties":{"k":"path"},"geometry":{"type":"LineString","coordinates":[[118.089524,24.590784],[118.089841,24.590789],[118.090451,24.590907],[118.090924,24.590416]]}},{"type":"Feature","properties":{"k":"path"},"geometry":{"type":"LineString","coordinates":[[118.089931,24.58982],[118.089639,24.59013]]}},{"type":"Feature","properties":{"k":"path"},"geometry":{"type":"LineString","coordinates":[[118.090835,24.590132],[118.090838,24.590068]]}},{"type":"Feature","properties":{"k":"path"},"geometry":{"type":"LineString","coordinates":[[118.091311,24.588348],[118.0919,24.588334],[118.092004,24.588331]]}},{"type":"Feature","properties":{"k":"path"},"geometry":{"type":"LineString","coordinates":[[118.092004,24.588331],[118.092007,24.588162]]}},{"type":"Feature","properties":{"k":"road"},"geometry":{"type":"LineString","coordinates":[[118.093484,24.587375],[118.093522,24.587484]]}},{"type":"Feature","properties":{"k":"green"},"geometry":{"type":"Polygon","coordinates":[[[118.094347,24.587432],[118.094367,24.587422],[118.094625,24.587304],[118.094696,24.587428],[118.094735,24.587411],[118.095085,24.587256],[118.095117,24.587501],[118.094794,24.587517],[118.094417,24.587536],[118.094347,24.587432]]]}},{"type":"Feature","properties":{"k":"path"},"geometry":{"type":"LineString","coordinates":[[118.094794,24.587517],[118.094735,24.587411]]}},{"type":"Feature","properties":{"k":"path"},"geometry":{"type":"LineString","coordinates":[[118.089426,24.587586],[118.089321,24.587583],[118.089235,24.587651],[118.089018,24.587793],[118.088773,24.587835],[118.088096,24.587832]]}},{"type":"Feature","properties":{"k":"path"},"geometry":{"type":"LineString","coordinates":[[118.091533,24.583777],[118.091857,24.583759],[118.091904,24.583789]]}},{"type":"Feature","properties":{"k":"path"},"geometry":{"type":"LineString","coordinates":[[118.089724,24.593662],[118.089716,24.593475],[118.089778,24.593475],[118.089778,24.593559],[118.089778,24.593665],[118.089724,24.593662]]}},{"type":"Feature","properties":{"k":"path"},"geometry":{"type":"LineString","coordinates":[[118.089727,24.593849],[118.089731,24.594021],[118.089793,24.594022],[118.08979,24.593849],[118.089727,24.593849]]}},{"type":"Feature","properties":{"k":"path"},"geometry":{"type":"LineString","coordinates":[[118.090595,24.594027],[118.090591,24.593828],[118.090714,24.593826],[118.09071,24.594024],[118.090595,24.594027]]}},{"type":"Feature","properties":{"k":"path"},"geometry":{"type":"LineString","coordinates":[[118.09061,24.593686],[118.090607,24.593546],[118.090605,24.593456],[118.090709,24.59346],[118.090716,24.593684],[118.09061,24.593686]]}},{"type":"Feature","properties":{"k":"path"},"geometry":{"type":"LineString","coordinates":[[118.089129,24.594014],[118.08913,24.593852],[118.08919,24.593852],[118.089187,24.594015],[118.089129,24.594014]]}},{"type":"Feature","properties":{"k":"path"},"geometry":{"type":"LineString","coordinates":[[118.089118,24.593655],[118.089115,24.593479],[118.089191,24.593478],[118.089197,24.593656],[118.089118,24.593655]]}},{"type":"Feature","properties":{"k":"road"},"geometry":{"type":"LineString","coordinates":[[118.089517,24.593123],[118.089452,24.593236]]}},{"type":"Feature","properties":{"k":"road"},"geometry":{"type":"LineString","coordinates":[[118.089452,24.593236],[118.089373,24.593124],[118.089403,24.590784]]}},{"type":"Feature","properties":{"k":"road"},"geometry":{"type":"LineString","coordinates":[[118.089403,24.590784],[118.089524,24.590784]]}},{"type":"Feature","properties":{"k":"road"},"geometry":{"type":"LineString","coordinates":[[118.089403,24.590784],[118.089406,24.590413]]}},{"type":"Feature","properties":{"k":"green"},"geometry":{"type":"Polygon","coordinates":[[[118.089399,24.59312],[118.08943,24.590907],[118.089503,24.590896],[118.089496,24.593118],[118.089444,24.593157],[118.089399,24.59312]]]}},{"type":"Feature","properties":{"k":"path"},"geometry":{"type":"LineString","coordinates":[[118.089537,24.590907],[118.089796,24.590902],[118.089836,24.590878],[118.08984,24.590811],[118.089534,24.590809],[118.089537,24.590907]]}},{"type":"Feature","properties":{"k":"green"},"geometry":{"type":"Polygon","coordinates":[[[118.089421,24.590753],[118.089423,24.590438],[118.08946,24.590413],[118.089494,24.590434],[118.089493,24.590753],[118.089421,24.590753]]]}},{"type":"Feature","properties":{"k":"road"},"geometry":{"type":"LineString","coordinates":[[118.089406,24.590413],[118.089387,24.590343],[118.089346,24.590231]]}},{"type":"Feature","properties":{"k":"road"},"geometry":{"type":"LineString","coordinates":[[118.089601,24.590251],[118.089561,24.59032],[118.089514,24.590415]]}},{"type":"Feature","properties":{"k":"road"},"geometry":{"type":"LineString","coordinates":[[118.089363,24.590058],[118.089412,24.589883]]}},{"type":"Feature","properties":{"k":"road"},"geometry":{"type":"LineString","coordinates":[[118.089437,24.588261],[118.089482,24.588336],[118.089491,24.588926],[118.089496,24.589884],[118.08955,24.590023]]}},{"type":"Feature","properties":{"k":"road"},"geometry":{"type":"LineString","coordinates":[[118.0894,24.588929],[118.089491,24.588926]]}},{"type":"Feature","properties":{"k":"path"},"geometry":{"type":"LineString","coordinates":[[118.089532,24.588886],[118.089539,24.588241],[118.089727,24.588236],[118.089707,24.588797],[118.090895,24.588805],[118.090728,24.588981],[118.090609,24.588875],[118.090022,24.588881],[118.089532,24.588886]]}},{"type":"Feature","properties":{"k":"road"},"geometry":{"type":"LineString","coordinates":[[118.092577,24.587727],[118.092585,24.5878]]}},{"type":"Feature","properties":{"k":"path"},"geometry":{"type":"LineString","coordinates":[[118.090986,24.587007],[118.090981,24.586962],[118.090996,24.586914],[118.091053,24.586865],[118.091044,24.586808],[118.091293,24.586784],[118.091301,24.586838],[118.09134,24.586885],[118.091362,24.586924],[118.091366,24.586964],[118.090986,24.587007]]}},{"type":"Feature","properties":{"k":"path"},"geometry":{"type":"LineString","coordinates":[[118.089867,24.587662],[118.089978,24.587595]]}},{"type":"Feature","id":1562473725,"properties":{"k":"building","id":1562473725,"h":14.4,"cat":"教学"},"geometry":{"type":"Polygon","coordinates":[[[118.08921,24.587916],[118.089328,24.587915],[118.089333,24.587837],[118.089293,24.587841],[118.089294,24.587881],[118.089208,24.587879],[118.08921,24.587916]]]}},{"type":"Feature","properties":{"k":"road"},"geometry":{"type":"LineString","coordinates":[[118.08837,24.585806],[118.088329,24.585915],[118.088278,24.586026],[118.08823,24.58613],[118.088156,24.586161],[118.087999,24.586168]]}},{"type":"Feature","properties":{"k":"green"},"geometry":{"type":"Polygon","coordinates":[[[118.091437,24.588328],[118.091461,24.588314],[118.091467,24.588217],[118.091782,24.588219],[118.09178,24.588258],[118.091821,24.588272],[118.09182,24.588328],[118.091437,24.588328]]]}},{"type":"Feature","properties":{"k":"green"},"geometry":{"type":"Polygon","coordinates":[[[118.090785,24.588726],[118.090823,24.588755],[118.091247,24.588328],[118.091247,24.58824],[118.090891,24.588237],[118.090897,24.588342],[118.090897,24.588434],[118.090856,24.588434],[118.090885,24.588505],[118.090878,24.58858],[118.090852,24.588628],[118.090807,24.588657],[118.090806,24.588726],[118.090785,24.588726]]]}},{"type":"Feature","id":1562473731,"properties":{"k":"building","id":1562473731,"h":14.4,"cat":"教学"},"geometry":{"type":"Polygon","coordinates":[[[118.089214,24.588091],[118.089214,24.588141],[118.089341,24.58814],[118.089341,24.588091],[118.089214,24.588091]]]}},{"type":"Feature","id":1562473732,"properties":{"k":"building","id":1562473732,"h":14.4,"cat":"教学"},"geometry":{"type":"Polygon","coordinates":[[[118.089543,24.588091],[118.089543,24.588141],[118.08967,24.58814],[118.08967,24.588091],[118.089543,24.588091]]]}},{"type":"Feature","properties":{"k":"path"},"geometry":{"type":"LineString","coordinates":[[118.090924,24.590416],[118.090928,24.590132]]}},{"type":"Feature","properties":{"k":"path"},"geometry":{"type":"LineString","coordinates":[[118.090928,24.590132],[118.091198,24.590132]]}},{"type":"Feature","properties":{"k":"path"},"geometry":{"type":"LineString","coordinates":[[118.089874,24.587821],[118.089932,24.587769]]}},{"type":"Feature","properties":{"k":"path"},"geometry":{"type":"LineString","coordinates":[[118.090066,24.587834],[118.090174,24.587828],[118.090295,24.587873],[118.090405,24.587876],[118.090565,24.587882],[118.090755,24.587861],[118.090732,24.587726]]}},{"type":"Feature","properties":{"k":"path"},"geometry":{"type":"LineString","coordinates":[[118.090323,24.587157],[118.090747,24.587132],[118.090741,24.587092],[118.090319,24.587119],[118.090323,24.587157]]}},{"type":"Feature","properties":{"k":"road"},"geometry":{"type":"LineString","coordinates":[[118.09124,24.588027],[118.091244,24.587955],[118.091238,24.587768]]}},{"type":"Feature","properties":{"k":"path"},"geometry":{"type":"LineString","coordinates":[[118.090755,24.587861],[118.090991,24.587889],[118.091199,24.587887]]}},{"type":"Feature","properties":{"k":"path"},"geometry":{"type":"LineString","coordinates":[[118.094612,24.587247],[118.0947,24.58741],[118.095029,24.587271],[118.094937,24.587103],[118.094874,24.587133],[118.094612,24.587247]]}},{"type":"Feature","id":1564274132,"properties":{"k":"building","id":1564274132,"h":14.4,"cat":"教学"},"geometry":{"type":"Polygon","coordinates":[[[118.095944,24.587391],[118.096011,24.587465],[118.095905,24.587552],[118.095861,24.587511],[118.095889,24.587457],[118.095915,24.587423],[118.095944,24.587391]]]}},{"type":"Feature","id":1564274140,"properties":{"k":"building","id":1564274140,"h":14.4,"cat":"教学"},"geometry":{"type":"Polygon","coordinates":[[[118.093791,24.584766],[118.093932,24.584707],[118.094055,24.584979],[118.093985,24.585018],[118.093899,24.584838],[118.093834,24.584851],[118.093791,24.584766]]]}},{"type":"Feature","properties":{"k":"road"},"geometry":{"type":"LineString","coordinates":[[118.093892,24.586511],[118.093776,24.58613]]}}]}